customer_id,age,income
4c7a96ab-5a32-4291-affb-b0d6f123ad3c,38.323228322427326,-0.8929474517547864
8658b8d8-ea69-44ec-8ef3-c7afa04c5b2d,33.22055187083979,2.0821056603996118
71f38e0b-d2ec-4ea7-8bb3-964a7000b0a5,34.88466872837513,0.4576900781994066
505b96ed-415a-4333-9b6e-b157d6530dc9,28.799103689486092,4.512874871673194
8e42bf6f-4313-4e02-826c-d34ca492cc0f,25.29971679901893,1.7689594831707605
69699978-d239-44ba-b4fe-fafd0bda0bae,48.83520409262994,1.488971410156982
535d04fb-c337-4651-b960-9340a92d1423,40.677984500212986,0.7757106844549315
cd36e848-cd7f-45ad-9080-dfcbd8628fa1,55.05072591297664,-1.4629742030905017
917e3e42-78e4-4d29-a757-95b587ee28b2,38.288349596631605,5.040327277896172
eed32f3c-15f8-49ac-ba00-bec3dd437006,55.689589671749864,-0.561995136886914
776522ea-0496-46cf-908b-6c2de6574dd8,22.566837260603172,2.264332608535636
571cd056-30e0-42e1-9237-fba8e4dea807,35.22959546201385,-0.04717034534073539
033a7254-e3c6-48cd-bd6d-3a13f63921e0,56.791472259301564,1.1195840064016764
67b2ccdc-9efb-420e-a71f-6abad180573d,33.28126816460732,-0.4551842344236249
76c5b584-6172-461a-b89f-18e31c207dc8,21.294080144679853,2.4918765739677027
dc146d86-3124-4db2-ac6d-df60152b8d81,34.42705284230015,1.4037970602929737
d170fa22-47fe-4df4-9ae5-c20e4abeebcb,56.894062846331,1.4900876383798556
c56f916c-8e51-45bc-943a-8b9e90ed5411,44.6372937443563,-0.005008692151408534
3746adfd-44c4-41d7-ae07-38ae5355a9bf,38.89126196362797,4.18025245700821
2a932141-67f8-4d85-8223-5c9c79ce7bda,34.22184524772084,0.34260390800377416
90599e7d-213c-4488-8c34-5aef8393600a,25.76946443230736,6.047945162698783
63cadb96-20a8-4c33-82d0-ad0b3ee9f408,48.77228812492247,9.199842815588644
67c49793-8ba1-4be6-8199-92ba5c9ff828,49.32002713291069,2.100059279055485
02889b42-606e-4f49-8b4f-058c7a806f65,50.39756153809815,0.10577455149024018
b196eb32-1142-4e5f-af9d-9cde1a028d6f,41.17346732550264,2.372211524071448
12cef5ab-c0cf-46fa-bf21-df763eeaa753,43.02920991920114,0.962865961884959
43e1bcda-3071-4162-8519-406c54946bf8,58.03664766595588,-0.01775674276784578
d83baafa-6fd4-4579-b246-c2ceeb57771e,55.06308423521539,0.3429492521154254
f073bf48-78fd-4242-9bd0-152a34070992,43.98123742881448,-0.8286793619453932
4579b345-fb78-4f38-8a6d-9548a8b5caba,28.054622749617707,7.785747670619697
1563913f-287a-418c-8ea4-ce10b2f641ea,47.30451217234755,1.5114045980499595
5ce2a4ba-7729-47a2-a3c0-46010da52c20,39.843996867816465,2.5664473210376775
7acbe1b3-d975-4b15-aadb-c260e36e5b0e,40.716885747544055,0.6959726486996031
8975c90c-7acb-4422-800e-42e67a46816f,42.0533584285348,3.1804583369271517
024095a3-a6ec-48a4-a1bb-dc53cca0c932,44.27398034573273,-0.892777178436403
50db2bad-b582-41bd-9aa0-9d5436415a71,41.25718050455046,0.11356471172427662
c36bb606-90ce-483c-943c-e4a7ab6d6fd5,45.33475376243864,1.0877845743465702
9e1e1324-83f5-463f-ab1b-b8d5d3dfdf36,45.28180395598887,-0.7280339143552248
6363bdb7-63ad-4f46-ae73-1adf11b51711,38.14675461979069,2.1029615947570504
7e6c8e02-7045-4d44-a636-920bd785a32a,29.14896797891566,1.1848441611563802
7ddeb268-eb9d-468a-bf28-9a856ef6aaf8,42.01094654043107,0.6965070785217036
d47380e9-a5ae-4be3-8116-b0efa58aaee8,30.23617976403049,0.5112576375046105
a36f1771-6792-4a5d-9905-0b2e7aced594,61.61423987749948,-0.9741678215245366
3cc9f33a-00fc-48f1-a9e9-8077a0dbd4a6,36.08678102788894,-0.17259587275783028
1a94cddb-24db-40e4-9223-f38222ed872b,28.66039139351608,2.727108524885656
cf728aee-e88f-48a4-b967-d03ad562b347,48.36584010776291,1.200328533258962
5fe0ae7d-45ca-4f65-ac2b-1335d2583550,32.99873840633745,0.760771019049209
7096751c-5118-41e7-ac1c-6a40758422f0,38.009851647539236,2.988370744756852
ef15c7b4-c875-47e5-bf42-4bc160f4b00f,34.08504640335188,-0.9807201942177315
818f3e6b-a02b-47b1-bfa6-bc92327f8f62,20.26032863383628,-0.7211711906521291
7e3aed5c-e918-483f-80a0-1a39005f46f3,54.26689651317939,2.20497837160227
e2e439e2-fe15-4912-b867-88fb4089f1ab,38.13768695122505,-0.7709814434788584
7259e29b-bb4d-4b4e-ad75-8c422eb50789,35.8720078069581,0.30308468891878304
2ed8636e-850c-44ed-ae52-644c5a3eccd3,46.06535761643309,1.9913894408326316
198a0bb0-e35f-4a15-918f-80e1c01bd5d1,43.16727632595979,3.443918682974605
5e7108f9-06d2-41b4-9f2c-80ebf7b425bc,48.60629015085291,0.8556371424489382
56720ee4-cedb-49e5-82bc-cd595287ce9c,46.334236209672916,3.2443742339219246
19309f67-7a3a-4da1-ae39-fce825d4bbb4,36.835366454928405,2.611060257746278
78fd52a5-6663-44a4-bcf0-0feffa8988e0,54.657941577593334,3.9412408763929436
eee4246b-c9f1-4cc1-b5b5-81926502345c,42.82069540011526,2.4856768793462027
bbb0a765-db5c-48b4-92f0-68c012c55aff,39.81990159457249,-0.804424686938494
615ded6a-626b-4623-910a-f51fe795fb9a,35.66772155815634,0.1632706092703365
fefaddfd-663b-48ef-849b-ee9c06bb47d0,48.89149135101708,1.957142077736381
f4c81e70-2e0c-4c31-8723-a9344a849766,30.296162537953204,4.269000762221795
2a37de4c-2c6d-43e1-9e0f-d89a726f2734,49.98693238025596,0.1982817317480719
bc481a0f-d31f-47cd-b555-285e7e248792,41.113532325623524,7.154969751235007
de9dde84-b960-4fd0-8d23-ecb6236cc638,51.87522885477448,5.051226226023981
f47d8582-b3de-442a-9ec6-70e1e70ab803,38.96620366657822,0.6620593826523942
4cd34c08-e367-4d61-9444-bf565ec2ad3f,37.08623973122813,0.14600586607355814
73a67489-e81a-4e88-a63d-d8b2250ce693,34.081558661084124,-0.9755607138711162
5376e8c4-2ada-4dea-b1c0-4ffd8bab52ab,55.52858101463566,7.47804804425331
23875b07-bd49-4244-9368-e6be5dd9c68b,38.918251953470566,0.357169485165218
d2d93577-878d-40f9-b1a9-64e4eaaeb4e9,52.86692620075755,-1.4842048247246458
678881c4-c283-40ca-a3e6-1da884a8d4dd,51.52133919339463,0.43711472357048264
32fba1df-effb-4c9a-bd3e-cb7617307876,52.2289511203546,0.7199689576767779
56a71f6a-d47c-49d8-9645-a0fc75ab5a6c,58.37609097986575,2.0776907729907017
39ff8917-06eb-4e88-ba8c-e9b860b3554c,31.017977549757315,1.364568355667918
3108a47e-3587-4edd-b5ad-5416e3346319,44.88480038149909,1.9095559637851254
a050b81a-15c8-4e9c-a9b0-418a8e5e30b3,43.22568495865014,5.722860803870851
11cef478-5b27-4ae1-8fab-28916dad739e,38.2762252424536,1.8734591989739293
78c57516-d1e8-4e2c-8f8c-b9de6c0d11e3,34.90089257661133,1.8640079628941268
c0d1a89b-dc9a-4e55-b9e2-3fa8ac876550,50.276648661434265,0.3080118875782678
cf622888-1104-4011-8034-627506fda48d,44.64062985330599,1.5236944261731187
c6d60c6c-76c4-46ae-9bc9-f1e6c45747c7,44.68528785656023,0.8002534486075751
ffa81249-12a7-4d95-aea6-ac4c1815ae6c,51.475109749405604,-0.13764672510807385
e1efcb3e-dcf1-4926-8b9d-aca8d05bd767,42.15229388005486,4.288113902626699
027cd9c0-a974-4eec-90aa-eb3ce91f55cc,53.616039345300955,9.254027767798902
1ab4c416-3c87-4b5d-8b51-10c6cdcf366f,33.78250909921745,7.282280753148486
fbe956dc-f80e-43d0-808d-7c93d7b6ccef,39.93653541318581,1.7259451088426738
3264551d-4566-4d2f-8cd9-64d991475dcc,49.51187587092,0.889503461511463
0c32c035-927c-4e9e-b283-d9c0d71a5ac8,52.68919833724885,1.5136934877398518
987da11e-d10a-4270-99eb-c2f498b0f9f7,23.031888400912138,1.4394068403595872
5c2f29db-64b1-4e55-8aff-1d7f08e2fc72,33.13176614287933,0.39314448059986207
d121e0c7-86e0-42d4-8679-2a0a050e51f7,47.79146561442383,5.177676002602558
077124b7-e159-49f1-a27d-f169de8d39af,56.2021035201788,7.662903468483289
13a548e2-7ddc-45be-9fd4-0f3323120d0b,50.18454581456074,3.261100387768426
d28c08c4-7abb-440e-bc10-f9fae2d22a55,25.884503303691282,-1.0072406922230688
4dc69a6a-8d03-4580-a6f5-a04c151bb6ca,41.40363183181058,0.18365877732518954
1e67f4cf-f7ee-4d19-9d8d-4244ff0d31a9,58.684236060114465,1.8066993233756938
46c408f4-4e69-4e65-ac59-87590b9d51ae,29.947000615716192,1.6109876363853912
111b7039-0a15-496b-8ae0-8d6c06f137ff,41.34382546932887,-0.17332801481315124
4d3970af-a934-4761-9b0e-83cdb8600bab,40.18850030663922,0.7206750553664734
8cb9ad82-acd3-4050-a7b3-2f6ff7a05c97,22.57562798780987,-0.6425768520220875
67799674-20cd-4261-9833-fed494f591f5,44.350622543607045,2.7818943754219783
6ce7c882-610e-484c-b7be-aa7558e7b0ab,28.581446699919955,2.8643238480544237
03ad1697-29b8-4b35-90f0-a3c9d31a45b7,52.88604664931214,-1.3173951790901481
c08980cc-c08a-453f-a9d9-bcaba6c7ea39,35.98448979033909,3.1526233961757106
8f102772-c72b-41aa-837e-cb2cdeb63c49,47.959830959045775,-0.1807850480138148
56f6f7e8-e2fd-4fa4-9634-076fcbc4f8f7,29.84194338120673,1.5327841869760497
712e4f17-4b5c-4c5e-8407-1d8816fd4c13,38.65179534730562,3.3365554338145387
91f70ad4-a1ee-4b00-8333-f74668a9ae02,53.721350010722034,5.081894725743644
0cc19aa6-7458-4ac9-a630-a404acf96a0f,36.34768147488682,-0.4326923774849761
2c965f67-1d33-40c0-aa8a-fdd41aef7343,58.51801903583623,-1.1345739761474927
2fa8488e-9aeb-4d89-b9fb-d1002b9c1f01,28.22812141684872,-0.27890127006316157
10bd2c0a-ccf9-49f1-9475-b29dc9629bbc,41.76375067793786,-0.19268826260623584
449c1269-e771-4157-93e8-72ae2553df5c,37.18658762785315,0.6504969227068926
f5468ff7-4ab0-4232-a590-ad8044875f6f,35.85821762562313,1.3982954747494394
39af02a7-2a24-47c0-a576-3e2bc8ab3175,57.37920635188741,1.3723110107758063
b6fbf66a-40f2-4dd6-a3c9-e88663eb8b25,39.84234120124326,2.0944093220226403
a3f882c2-21be-483f-ba0b-59320e65dbac,37.578929738423696,0.8478150807319068
1fecea23-fd67-414a-83a0-c9c416a1d9ce,31.822259229731365,1.2255923228220895
7ea3e744-20c6-4dbe-97c9-bfe4059d2b51,55.40568879976106,0.521610364559756
bf51ae3e-82ee-4d83-a498-0ecde0805eb8,40.0336421679124,1.4320156757394238
87701e97-7736-46d6-9c01-ebc9f64e7125,42.15212453170169,1.0453219710115484
0130048f-4d22-4df0-a088-aea72121450e,47.47146542108178,2.109597688945183
d754aecb-defc-454c-97ec-68d4f4ae22fe,50.679801742826065,1.8628372593093179
52c4b099-89fe-40a2-8a5b-9f177f34694b,48.024398616459386,0.5530329542818008
b1d612c0-8448-40b7-96a7-1a8de61af54d,38.936348139122664,-0.23879340413099664
57c4c1b8-777a-4da1-8e14-44c277c7b0c3,43.279330298824966,3.0203271702471977
7c00f6c0-b3b4-4335-a81e-b374eb7f65cb,50.22191772048266,1.9843546961731269
536ff81d-690e-418d-bab4-8f98a854b139,33.593361192804316,1.6396189312479361
c6383d01-f6ed-407a-851d-925c015c63de,22.38228758296425,0.40633780618332715
c5227fed-5e21-4c21-9821-392d2e8421fd,54.36308194743076,3.234980719637411
a52fc397-87ee-4d72-9b72-c9231727c334,29.546120897589862,0.13185494001105447
ca4ee3a7-0d76-4b60-9a55-281cd0703755,41.338678482199676,0.5294457296242365
d7fbcc85-8313-40c6-8631-ac53ccc1bf83,35.35774437976672,6.4466014638129785
09f435a1-c76c-4ce6-a8bd-675749e48726,45.96514273892387,1.279711427889102
a87d1035-88ef-4331-8453-8bb4738deb60,43.338075988777746,1.0631833815855827
d8cf691d-f118-44b7-ae7b-f00ba8243505,33.638577616493606,-1.7018861325783448
1b086ac8-d340-4cc2-a435-610cf4872b5f,44.40217784033234,1.4994686058779494
b22fa1ce-f695-43b7-9ddf-ca3b300010c2,48.49035540448216,-1.5032401323233717
cc934575-0518-475f-bfe7-7e49d15b5cd0,60.814541431898476,1.1015505028713435
429b5117-347a-4306-8a7f-6db64ee35c57,41.85730413662043,-2.525872306381776
99646f57-c2ea-453d-b7ba-2ccccb890c9e,29.928326558244873,2.195133717440427
d05565a4-f130-47d0-ab30-4ef6a9826dd6,31.391407113638735,3.219556128164716
29f0e675-0a1c-4dd9-8a52-6715822a8065,50.16292974810985,-0.4869358036664325
93bf6fa5-08dc-4713-ac71-62482c835c54,47.00274250678529,4.0893709103508655
aab7ace9-9341-4305-9189-aa7a285fe563,45.59256937576401,1.325277004539911
78c48290-33fb-4925-930f-ae9cbf867232,39.76546481864645,1.4352963043515343
e3e779af-cea5-4fac-bb22-512dafe3194c,45.327818987734055,2.3983960880222646
2a653735-702c-479c-8f3a-a1f484b42c01,47.87669115422981,1.1190974144186425
e0747d64-09e5-4995-80b1-8e72ca950724,55.28072755262662,2.495769573745852
25d4651d-5794-4edc-a1a1-2bac4a39b3dd,26.02248782302247,1.7494762678749083
fd32dbb4-e966-4762-b77a-551406596df8,32.285653166017994,2.547327285195303
5882d122-767e-4c34-9422-76073ab0ce28,33.7232042989658,2.9429264822873265
e1a5fe63-c955-4468-a949-42ef9a460a9c,47.36235845267081,6.084432569218791
59d58e2d-3c42-4016-bb68-da2c61dddd61,48.449593956603934,0.8047088368909888
0078afcc-ddc0-479a-8c9b-b4328d02dc9e,31.683107716509337,1.7137374985018017
89c4dc93-857c-46b2-941f-d86e502129af,33.9309689772939,0.9341960883178295
71062a11-4214-4c42-b706-f9e1aadfbb62,36.561974114978554,2.3968985114059995
146b1f07-61b7-460a-9074-3b9ddb174f62,58.327073421818305,1.9508284411707608
d1ab3e78-fffe-4d8c-ae32-1b4210e770cf,43.870578403053756,1.6800438023420596
5b627f0b-6fd7-4ef3-8071-9974d9435a68,26.2176450011404,8.110786321171286
965383c0-78d4-4acd-bc1c-4ed224c64381,32.596886690863606,0.4915863242359644
ea07820c-0b4c-44d7-ae94-b2378ae3379a,31.11249587043387,0.28636917732272993
06e2b521-9bc0-43a9-a106-4742ca961bda,35.24302826158605,0.753493779153801
6d250b04-cd54-4534-9ea3-57cf9dae7bc8,46.309140519989576,0.4615717329685977
e97fea5d-34e0-4938-92b7-246888a6b551,33.061023464881636,1.5991390926994986
c81f0d8c-ce32-449f-a2da-4cbf2c8ad252,53.24110221026667,2.2411226591935787
5bd861fe-c9aa-4cbf-aa0f-a3eb59c3cb9d,40.06628416019411,2.0329424433989085
5847d7a6-be46-4e3c-b4c9-59f8d891b456,61.97916865423334,2.4208094409215577
739b3209-c4a8-4fb6-b96b-5d5095771ae7,34.75470595486994,0.4788134819739631
1baef5d0-738d-4fd7-b34d-a93d923a56c8,43.3307452311103,1.9884723555305883
fe4f7fae-5335-46df-9ba8-9ff64793cb4c,48.114871606297456,0.3273856606866197
e0a2a181-7a8b-4448-9206-c83e24cd5b33,43.267965061472054,2.0344195728864802
39979801-d871-4260-9fc7-7ef0cf8e6dd3,43.75582198035481,0.01081226415924913
724102cb-a362-4dd4-b976-aee8cef8903c,52.305573616419885,0.8027587950752937
34aaef98-48c7-4898-bca2-3ec9a57b1631,44.697808872867654,0.9431703969135465
455e586f-c3b2-48c7-9291-bc81f44ab30b,46.58908002778371,-1.9801061576073762
2c0dcdbd-b619-4192-9b53-de4f2277a41d,30.229339182483532,21.085705584893116
2aab0552-e621-4d6a-8c3a-970d3826001e,40.94621903894741,-0.10362931755607785
0c353b8b-82a0-4734-8cc2-9e9b471238d9,49.97883726790972,1.3530286038112538
8f4b3876-9096-4075-9764-3421594b516b,35.87216038095394,1.8076020967533686
f9375607-8d8c-489b-95cb-558080c824b9,16.903055489010647,-0.348646217691232
a7356966-b318-4933-82f2-19e11640314d,44.99572004831804,0.5756734935451
e59ddfff-9f8c-40f5-bc35-b540ff94706d,33.422286740016794,-0.01004424432845602
baf1dcfe-aadf-4994-b7c6-21d04e3d6955,51.800428800417926,-0.20470800325081306
598f9790-7eea-46cd-88d0-ddcff9957c59,32.599650290789306,1.303607643056655
ced2e122-b283-4ac8-89a9-28e949ff0182,50.8335098428947,8.380543883410004
9c51406e-f27f-40df-a73d-37d5ea3623f4,32.11587561709342,1.1369962799375706
aa52dde4-ef11-4302-bc17-f43a6a20e16c,37.66842244526067,2.8378090376204588
3e3f18e8-5e84-499c-9283-21066a6eaf9f,40.52303334397444,4.616842216124472
7927c2c2-d5cb-413f-bfe8-e098ce3f7519,59.06827228237197,5.951547183633539
0b93dc72-b4c7-498a-8d1f-1ac2bb34e1f0,34.63465787218294,1.5158621800664582
4519e753-d782-4988-b90d-cd4dccef3f25,27.095045599121292,1.4139808360564252
5ae2536e-9f06-4db3-8568-bfa776913caa,53.59988983442696,3.9739918898499993
7aceeebe-e082-40f6-bd93-a9d274aab113,61.75066429457121,1.1818366184628482
260f43bc-b09d-493c-a875-23ea5a216abd,58.06749779811985,1.1982130535613456
e3053107-f7aa-4cb2-897e-e001c750252f,35.09649290381604,0.8316973701353304
4f4adf0f-e09b-42e3-9c1f-9cdef8ffbce4,37.034666757532,1.515524078835546
ffbf1ab1-a781-48d2-809a-641ca66142b6,42.15045350704773,0.25575290549737273
9a9f78bb-6718-455f-a14c-235636f3ea5c,31.484718324642447,0.7636481853164193
a2019789-25af-4446-a136-582baa4344df,20.414316935182296,-1.5176643076032146
0c6ae20b-158c-4b53-8ee4-8feb121471c0,33.390303168088195,1.246192086100253
ce7327a8-9769-4757-abf9-cb97c61f8bc5,45.457935833806886,-0.052320181267897614
0a93944c-ec2f-4a49-9352-6ddd1de8f455,54.697470981700945,0.644411607987169
be323cad-7a77-4e04-ba51-126f42ab5fda,25.865405095162657,0.9332241755421801
83ed33eb-9f34-4e7e-b53e-a9d096b2c628,44.52912706665531,-0.5885362537348108
01c446f9-eca5-4be4-a4d4-b6188f410bd3,45.30807195867698,-1.3397308969395856
bb9e2cad-8f7d-47f6-a50d-602a1b684ec7,40.40370159207611,0.43070785648346477
82464570-4086-4adc-a297-69f8c66bb1a4,45.159369647708445,9.15459740161893
992a2357-1c99-407e-917a-329a5ca1b560,36.94320315174082,0.6158132451537685
bed24d4b-f8f1-4bd9-8fa0-10c6a2133fcf,33.826212943714275,1.1591666636211206
f3ca9817-de70-42ee-9165-e74afb9cc4a1,61.305603750893404,2.8115003191628576
e2778d68-7c44-4bce-8ffd-98b256aedb31,16.814591963265592,2.8285099627394836
9c42f74a-19e1-457e-b6c2-d1f76fdf8d67,33.03420102740247,3.0133982852632077
804801cb-203c-4382-a4c8-fbffb7ebb70b,40.23222004539873,-0.0673337534274503
20c66dbd-8f14-494e-8e27-51bcc8eeb823,54.02336607374287,0.9861795772571765
34019e1e-8783-4be2-9a74-4856aed7c92b,45.16564380004534,-1.0101015910487119
d254950f-9807-4f50-8b2f-18d1fe47584c,24.414232465805377,1.2413212712191681
5039b01a-c884-49d5-8e96-05e5b8159fe1,39.4544567035043,-0.17727484259487242
5c5d63d5-d2b0-4739-af89-4cee9b329930,35.34181814014543,1.972874784300512
121b0e8c-efad-4779-b9d6-f6fe7a0961db,27.116410710951712,-0.4588447391274437
318c53ed-5582-47f2-835f-fb05a156955a,26.03031437680177,-0.3300544473751428
ec737c59-8d17-4502-9e32-718bd34ccc01,48.359483114084284,1.3185097816434976
28bb813d-3a6b-4024-8673-deec71c6067a,50.02253849465594,0.5619015052067555
b4752f8e-707d-4fe1-8353-e44639893029,48.48137142242676,1.958067984006693
39156561-ed24-41be-a322-9bf31061f130,41.31329299739753,3.409202495735657
d7dcd5d8-b9b4-4ba9-902f-d73f352c7eb4,25.9533748102133,-0.791977333488419
eb141847-882d-4ac0-83be-61f17263c87f,33.51285357722943,2.9337554418965404
cf50cae5-a210-4355-9b96-ec67d48eaf4e,27.02740075457392,3.2520558121095076
6639cf3d-db37-485d-a9ac-541cf3a9c33b,41.68131132107174,0.15347389922480406
6de6752c-face-4ff9-a067-81fc47ed3721,42.22949956546611,0.8811253835668948
fdeeb894-5678-4e5d-b2c5-c2bc15e15037,46.66384200971741,1.9703487123819152
5572fa8e-9968-4c94-b449-76f00cd77a8d,43.85297460162403,4.2228087930637965
108faa99-e55e-4ce5-b1ed-806b593d8c9f,40.11462757882463,1.62277235807387
160b372f-7117-4bcc-ae2a-b98da2f5850a,34.58707831778321,-1.3415031212091
266611ae-003f-4119-9c25-6a5085b202d6,34.6188990804132,1.2978244366937743
86a9a340-c008-4844-89c9-df8c25d52143,42.74467142273678,0.49398034930751733
cb38ff42-f99f-47f0-a96b-d8dd1f864268,38.749754578431336,1.7463180210554763
21f92715-1281-4873-9232-825fedc07fc0,76.55975710419267,1.5911434157517959
95db8946-a813-40b2-8f0a-399a03dfc4fe,65.48899015398977,1.3485810270417204
350babd1-2f92-488b-bbbf-3b9900cbf7d8,50.73491116666913,0.517742756593909
d11922b0-2aaa-4f24-b0c3-8b1380f919d2,35.389838740007654,-0.8421862709826722
5abb81c9-51cc-4495-a54d-dbde6b3b253b,48.44220579975766,5.770505414909013
a14de090-c315-40b9-8fb7-39d35cca59d5,39.487165751671995,1.3100289473028481
d6ee07ca-eea2-4145-83ce-dfec6f7b91f5,39.20237379014697,-0.9141785157850653
9eb2c2b1-7822-45ae-ad18-f79ef9c1dc95,27.58163071039717,1.531616881027268
ed666d65-f059-497c-93dd-bce6e89743ad,40.506248457734955,3.4484661838810258
e68e5fb3-9197-4a33-958c-d66e7dcd6bd0,30.73540894516351,0.6700904410124262
4adffbc5-0d78-4a26-905a-90b82c55316f,53.85499902818087,-0.046829037931123474
689ce1f8-c2c1-49ed-b02f-5bbe0a416e96,48.82889738541623,0.9520801928968536
7680497d-1157-4efd-a6a9-457d196b2904,26.483187358609637,3.1219659908389703
1fa99dff-fdc5-4ab2-9a1b-9346a9277073,37.26190697428023,0.188659622312927
2bfb7013-1bab-4c22-acbc-d6239d233422,56.91972279150765,0.34318888397609904
4f8a5239-c191-48db-845e-cee3090bc1ec,43.370109845416614,4.732981308102858
994933a2-1f7a-4e99-8eab-746d3813a114,26.358608433040754,2.489775208134359
cfe4972a-22e4-4e5d-95df-69a99929c91d,27.498119170923836,4.855026441610783
0b9c07cb-6f9b-4f8f-8713-f4eef46a1ce2,54.09736441598763,5.812339327777712
467e2102-204a-403f-bde4-786ff8392477,38.56027004751226,-0.004779755907423411
85857be7-c53d-444c-8767-6134dd9ea9fa,39.40177135638142,-0.5733078339140422
1645396d-3be8-4bc7-ae2a-557d350c5444,31.699506855294985,1.7826873919785557
ca2f9c77-ac5e-497f-a27b-f1ac58cb4e7f,37.5121968388669,1.177395601877315
76a6dc2e-8aff-4422-aa99-55a792cc993a,51.13981512507893,4.805876582947702
670fb1e0-c92e-4abf-a6c5-6fd67bd64bed,41.90030773432435,5.857015201832089
faba41ce-1d2f-43f6-ba6e-d5d0427f8ccb,42.39153571464191,1.1181690281523178
b68d366f-c3b5-466f-9a44-9110ef4f9c30,54.40797089648481,2.9089360359066827
e2c0da34-5738-4275-98c4-3139ce2f4b0a,42.327408186575525,2.693826664683254
f89b188e-e382-4092-a829-e2b0b3da74b1,43.73886293926707,1.064577225227413
0799426a-657f-43e9-9293-3eabe7d2b8ee,53.41495936322047,2.428690953411056
8b729eec-3870-4bd7-96e2-c15307bd2c1c,44.666258767987586,2.699692093321087
d483dade-539e-4157-ad41-2dfc81086598,34.17817239844085,-0.7810843107609833
51925af9-1ecc-4228-8434-e7d7a3859408,18.705127299389506,6.947228627133111
ada8f200-4c94-4a2e-b33f-265f80a00ade,46.55320840913175,1.7840284084392877
7fce1cc0-a868-43ed-9815-4f34f6d6aaab,40.36122169874044,1.655213152900254
3cf83837-1580-43e3-b0e6-f0ab51f1ec05,60.51328401609017,1.2500717336630363
3c494c6e-2a0d-4ccf-aaae-182e216009a7,30.27095902864685,-0.012419279640436806
06ddd03d-360b-4e6e-8638-7ade2fc52c8c,36.134799105324134,2.8424484971963837
261cabc6-aa69-414e-baad-50d6c9326287,41.79776073211514,-0.6597875711572634
036e9e0f-d77f-41e5-9a8d-ff2039883757,28.80691034501013,3.205904035597363
5760b7de-e99d-43a3-b2bf-9f6cec962447,25.550505505526772,5.06994765533165
623250e6-785c-41d9-933a-9579bf9df40c,35.84178784529215,4.768902088221305
c371322c-d52b-4ad7-baf2-f2bcd99addf9,49.47239511219736,0.33116093216146675
4a96e5b2-e00c-48fd-a0b9-45dfd8846974,34.2980000502691,-0.13417917229550652
d82e6be8-ef33-4edb-9dd6-dd2035cba393,27.082148655593684,-0.16748334831109013
64ec0176-5feb-488d-b5bf-5492903650a8,51.3341801827625,3.9433624179739843
b7b42a8a-f59c-4e7e-a7c5-d3eac6d9b66f,36.80205024542293,2.591489107618108
0a1cfbce-640c-4b68-8799-1fcc4fae612c,41.366678875228416,0.14637299288289102
723d7891-bf55-4d58-8ad9-c80e630853dc,42.82549434109201,1.5332941063803942
243809f3-35f3-4029-aa17-4a4398f6137d,45.775101211044536,5.351147417879028
172980a3-174b-4a3e-bf1c-d97aba2a3b4b,35.501450065293305,1.0569592172651603
490f5dec-b6ed-4536-aee2-414cebb9eb4d,42.39998091782357,0.34141965659033136
8f5467ff-9004-431c-9e26-ba7a07acaca1,55.14615848125312,1.1415535936630588
4a720584-b1b3-414a-a272-132046f86af4,38.03481915628794,1.8046984553285261
a3c0081e-1af0-425c-b9ce-5313efee9b2c,23.54224211298578,0.2910593215759949
f879998e-d3e2-4dd4-8ede-8d6b480899e6,31.95752061158368,2.238570795480772
4fc3a734-09dd-4117-9601-03557319d32d,40.652219940211914,2.718658073308819
d7dfe769-c16b-4eb2-9502-e399b7dc40ae,28.337015365127435,0.21180876452800612
0310380f-24c8-454c-8cce-a0f93042e6b8,21.88355371013102,1.4227432066288201
633f72bd-9365-4af3-957c-9a1a760e48cd,36.46876955472463,2.008258182786637
a9c969e0-479e-4063-9348-634fc2172593,55.41056603439432,0.675659688468935
5da699a3-b4f0-47e2-ae68-16ac630e2325,35.036550058307284,2.1519236862817546
f8de0cad-66d0-4cd2-802a-5cd5947d2c38,42.43048517963775,0.47920495440836136
74c04c13-431f-4412-b4cb-b70d0e5122e8,52.51166231327892,4.525885102040999
30d77780-63f7-43b9-a959-f691a98af240,34.30052755612109,2.903287278404213
5a4cb2fa-fa63-422c-a97d-df1ee4bbe5a6,28.62388256393624,1.2721269205883539
c1b23674-9fed-4159-8e94-54a501b2ddb5,48.290855072086046,4.190913696699373
31d468d1-6e62-4a49-919e-7ecd276006c4,41.01719468062391,3.034143238833199
61085383-c12f-457a-8f55-bac24729b354,50.60296139502864,1.4943341203081093
3bc7d7f2-34df-4d86-9d2a-c0f88f05f4ed,34.335124799859095,1.1834652251800437
963391e4-3681-4399-9b76-2e5677c5c13a,41.60769815980808,2.321557621991609
ddab2c28-d460-409f-9553-74ab9d3bc56e,45.86705854076459,15.962130516686942
c89f5403-a5ba-485a-b697-26c92a46ba4a,45.50335032355689,2.932060637058415
c876b822-84a7-4f5d-b2c4-c9393a792cbd,36.61541127164136,0.4471051593998593
36ac053a-619e-4dd1-b441-415e955e5552,33.46712973551081,1.722443873547504
8024a4dd-169e-4984-80c1-88a8a2b71df3,35.781621458506095,0.49584505485884545
b2aa6a0a-b236-4ccb-9435-5d21aa6dec44,44.041221718016004,0.5710305125946102
7bda4507-8e0d-44b7-9c3f-1b7d75975166,22.047508393264483,0.031748367172064085
0b32c98f-8b0c-4ab2-a3be-4f8423c366a0,51.00328839769841,2.564510989026051
2131ad4b-24a0-4900-9557-29a01be4f2b6,40.803415881517104,1.3174758892015859
973efc29-0a18-4bb1-8065-409af6844ffd,38.650355778904185,0.011089983518603463
c74c75c8-1fde-4589-8f67-2475d5bd977f,49.517886062804024,-0.42904754511474424
27f89416-1f5d-481f-8f0e-70b940d47d70,53.93368321562042,-0.4530539257229978
3e3bc6ba-f9b9-4601-a029-a62d3b8557c0,39.326649811553544,-0.6261158985069685
6ab40b29-e1fc-4ea3-8933-4cf1d68a3aa3,63.85570495082938,0.3934532812567364
49d12a4c-6343-4db6-8386-e280751020f4,13.599368690491726,2.0073640373089106
29657e09-e187-4aa1-8189-15cc0cc376ba,54.92581538727866,0.9706349365571625
74f4dfaa-b11b-4196-8cbe-ae9e6849a372,34.34569394625405,0.9088537922894708
7fd88188-ef1f-4ce4-b376-07faebf043e6,52.53936839603603,-0.6132706639415153
04a8a7d1-2f5e-43bf-bc0e-8dada8fa7044,36.42712417060821,0.5282889525035919
3aa2ee50-a325-4256-b881-2ce1c2b626bf,30.124106803563777,0.6665758631149578
23299433-71cb-42c5-b3cb-fce7f50ca318,43.62917782704425,0.5643999496201815
e9066811-3f6a-4d43-9147-79623085ddb3,48.552859171260955,7.3129848356964775
9ec08041-1f0e-49c2-93f2-901da1f669ed,33.401678071667334,9.252656662848961
6c5d32c5-62e8-41de-aa37-8c242e3d5969,36.64202157189736,3.4668444278203907
9ba49997-d1c6-473d-95e3-dab2a36fd00a,29.39214640087651,0.15371666049018426
2e39c821-98ee-479c-a7b8-1fd80c14764c,47.00995772058171,0.09316211922639717
5864f4c9-156f-4356-b168-ccaf0755869a,46.11525908522819,4.4790735925401455
c628fee4-e039-4228-b927-5c3fee2150a6,36.996303803346514,2.9097611467810722
8b3921b9-c889-4041-84d2-8576d27585c7,43.95677828360065,0.6361249134012641
4a14cee5-1a30-48e2-8eed-5ea40f4350c8,32.500465987061766,-0.12524324106804674
cefee492-7255-445b-8982-c58ac69a14cc,44.97440554405977,1.5248217231323828
5cf9580d-371f-413c-b357-ac657a619fc2,45.334470089250324,2.4623411849617236
ae53c3c1-5ec6-4ffc-abef-d246aa6f9f95,52.63962039132253,1.314354724045224
ff14295a-c1d5-4316-91fd-0d98677f8dd1,38.31683409897664,0.8185785008627717
5c88a9a9-3a1c-4cae-a656-7d3a5fa2adc5,39.270760522229466,0.6334258186617265
06387819-915a-41a8-b4fd-9a0aed790a8e,47.84629890839446,5.400481290251963
8bde0842-8eb8-4406-836c-7e8bc1ca958b,42.20554719956228,0.6961615243345174
53aa6125-34f3-41b5-b420-9f251f4cd95c,42.61170363241164,6.837244582834463
8f48d17d-478c-4e62-bc79-3a31d5442131,28.077990330818015,0.4305546078515644
f71f7721-5bb4-44ce-a411-4d661be4e6d8,36.40170653343183,0.34637433733971834
c718bc20-89c4-44d1-a87d-f8580db71f47,38.292760442400194,4.480209985794189
03aa7742-2bc1-4cf6-ae8d-1567f1a92243,44.57985165564121,2.2480465854944605
d3c8af5d-aa71-42e8-92a4-419384e82861,47.77208812956107,3.1336681639535104
9c8b8eeb-79c7-44e9-b216-834babc0132e,39.39024927350014,2.864665799665117
b5a04214-9323-444d-91fe-0b53b7bb21eb,47.886337485022146,1.5843787993701035
465d2c2c-de4a-4d7a-b8ee-80e2df38f8bc,54.04089106538731,-0.5496254910915825
81c8373f-8714-4582-b81c-07202b316f30,32.128653618799355,2.1550951758466415
ff4ef83c-6839-49f2-a7c7-eb6b4507a80e,41.03518556708972,2.713888320226847
87745ede-799e-48b8-a1d8-518f9521403f,38.33883139536159,0.8372950778834324
e1a1d959-6e72-4c56-b001-f48f3ecab4bf,34.835665444359456,5.162966200349006
97e01d10-bec0-4d67-8000-29a375570978,42.0688839374389,0.36712749573538644
0cdafd80-4fca-475b-8459-124dcb7468a7,38.28730311437858,-0.4621376527618133
6ca0380b-b905-4c71-99a5-c1c35f26fe09,43.40247443475799,1.5709630946670332
4592dcbd-d40f-4db1-8b19-b5173ff75565,23.21035251992494,-0.5833950915587545
ea8a098b-ad7e-4022-a793-5a1300059aba,40.59603611687601,2.501875076206261
cd11aabd-2887-48fc-9df3-247098cbf386,24.237415213334405,1.7545043133328635
53491f1e-1e5e-4b7e-93e2-864558c37395,14.976262148410205,0.20639672407288934
c766f821-aa98-428f-b0ac-9e16fdbb6992,54.460044451976295,1.661170382762179
81fd82a9-d743-4d7d-a338-68a350813a7c,37.47222232202022,1.2616076297819223
36030010-b1a0-4080-87a7-11ad2d76fcd4,26.838200338081005,1.5712822162120916
f01ac9a3-f524-40ce-ac5c-0e600fb73a97,23.820333159565582,0.8867779747050978
412ea461-5138-45b3-b60e-cf0edbb0be94,57.58085375574074,6.66218355817079
b02acb7e-a3d2-45ab-83c6-8bf120fe8f31,18.03365119664667,1.596566225109907
dbf90189-52c2-442a-89fb-00a39ca9b37d,31.091891419283055,1.4460691629627744
6018ca3a-8db0-45b1-a690-54016d81368e,32.29691899891708,0.41919379727445516
da5299ad-2598-4644-9923-7dc06428c501,38.53077936127279,-0.3505940329766254
973cca80-917f-408b-8291-4c908fe07857,46.84360293195065,1.228723634817155
57a4226d-a124-4d20-be15-5957edd6e98e,44.55862356968349,0.6261875868583864
73850be3-17ae-4e85-8baf-3387230c099c,59.13487769303516,0.23718082220019865
3f940b06-8c8b-412b-a413-977583b2e162,34.19807974747981,2.1228709177818548
63bda3d7-7727-40e6-9966-6cf998ee40a2,12.994709847047108,0.21510586672225315
944000a1-8437-4539-8e06-9e402799c0a3,57.44012050805482,1.0294951117633635
ff6208cc-4874-4a5f-8195-b76aa57d08aa,35.89719195245126,-1.2517739249642688
826bbce7-91b0-44bb-823b-44b39fc898bd,29.905005964264564,2.2289989893222932
a2eab56a-dfcb-4026-af78-55ad35bf0b5f,56.69178496920065,-0.3110523145095908
ecf0be6a-fbc5-47b2-9a81-79369b8441bb,37.958693936949835,2.1461612799002485
8eb4146c-b0d5-4da8-92aa-4ca3511bee80,27.17851140770323,1.2342793979490017
a76755ea-8938-4e38-944d-856a23b11c8b,36.3914857546891,8.541683127139763
f21ff58e-1ded-49a0-9838-6eaea811856e,38.58386134899549,0.2356315313894794
1b93961c-3826-461a-924b-879a4b28c25c,38.63219924013661,0.8126211533399439
e88ecedd-fa27-4b81-89ce-ed6572218125,28.679224470475752,-0.8746699275280121
44a27b9b-d1b1-43fe-81f1-9bdeeb957676,39.745224321882404,0.4869172626919229
262a588b-e8a9-4523-b67c-2765d42e4f42,33.38223047634399,1.9325779491029254
a46d6ca1-2903-41bb-a7cd-e43eff94a52f,27.30962183209992,1.4397071092148583
4484250e-eaab-4d09-8fab-b3a05c4b2e90,54.025766177424245,-0.2355102598731631
e6b45574-0497-4803-9e53-4fdc7435269a,39.364489231352294,16.21688198331735
98487812-620f-4cc9-815e-3af22c07f54a,56.18441727710101,3.757941899567396
40ea4b00-27c8-4a20-b222-2586ca07ded6,29.930770866458143,-0.19470678828170276
2df0c0ea-3125-4980-a73d-6fb222da32e9,52.946575464688074,3.05140522689403
be540928-6477-4ed3-a6d9-eed8df21b154,51.63168856701131,-0.2060188645852485
2116c4eb-b71f-4bfb-873b-dd56608ab3bc,28.09406397497575,0.9211553444163176
97372b2d-d382-416e-80b9-2fb8ea9bb394,54.24405280528996,4.7605910435561345
4bacf7ed-cce1-45a8-9c21-f472d6a10b5c,37.99360292271245,0.8456862089185615
06becabe-14a7-462b-9980-1b24a467ef4b,40.898770911235644,2.6919883495202397
f0e8046c-0ed8-46eb-9a21-f2bd222fc28b,45.10863080410068,0.6797347877047561
db3b437b-1fa6-4ac6-bedf-02ea0c88787f,45.94555693381388,1.822805307923527
384b205d-955e-4698-a414-d77e1fa377c7,42.28696838654936,1.63550098972495
7dabf54c-58f3-4e15-b249-430d844777cc,42.52100069026727,-0.08386348083744513
44b99304-5bd1-42c1-87b8-98a0ca4b9448,45.0762842473029,0.24162224926953124
d9d3700e-9cb7-434c-ac16-ef2f13b97120,47.77922006175627,1.8266555545713588
7ff4a509-0b46-4ceb-bad7-8db2f5b4f250,40.202474099087006,0.2223042381544894
c8266a82-1721-405c-9e97-031d78d4d95e,42.72884397468293,0.04177808771865377
dec8426b-a385-41aa-910b-a3235398ddbf,50.38113200532599,2.295124905682948
e03854ab-1e99-4580-ac4f-c9bee8a00a36,26.819243009885522,-0.17915158733734116
2cbe0c3b-0ad6-4be4-ad4f-db8e66baded0,36.409599551724355,0.7469225820274584
202b246d-3801-4e3b-bd8e-c1288ce561b8,44.92436762515471,2.531969471493111
51312e57-ee96-4665-bdc7-39ce399cda95,51.11641142438463,2.559560250432374
e5e94ab4-6209-44d3-a6b1-b0362ccd59fc,36.15635574457949,2.9976220361024377
61c868eb-a1c9-4b83-bffe-6e240f667ab6,49.341948095205815,-1.3754278360444063
ac61e504-7f53-4b23-8f9d-fd0c69018fb7,35.84651755177937,1.4058889002242718
64c6177d-09a9-4bd6-a1dc-f01bbee15087,41.87073505446616,-0.0017803886505993738
cf5da4ec-a3cf-489f-a2bc-9c158d0913de,28.88628203713014,1.3707675611629975
6a6a2e06-c45b-421f-8d49-92ec8d0b623b,17.400124711086953,0.6994891305911772
681daa73-e9dd-40c1-80ac-15d85cc5a9be,43.53302521230738,2.08244513913807
36477a7f-8409-4238-aec4-c200cd81e4d6,26.32093907512064,0.0006168326193423113
9d2363be-0ebd-4191-9b81-b0c067173326,42.876329496899004,1.2769055773591318
5cf68c26-eb0f-4d36-8d42-86b71e235294,29.090142415202788,3.081835406188084
5dcd50de-5110-4b66-bf48-adc60d690e09,49.37184150488276,5.646037803165853
971b71c2-aca0-4898-9c2b-2c55651ab46f,46.59410704741304,0.8667169095569321
774a36ae-cdfb-4aac-b389-9e6a5d6f49d5,30.92773335956938,1.3398541743382975
149e04c7-1016-483f-bd49-573279bdb666,44.62803720205194,1.2670130891337525
923f5012-5d99-47fb-8b81-f51a7e96ce94,43.841647225873736,3.616575053408938
dd4fcbde-809d-4e99-9be0-0c70dea78056,58.579854411670006,2.4192159568359584
c273c82c-ca3d-4955-ab5d-461b0739771a,25.389678661666697,2.0150401160937195
8f7d9b2c-e579-4a1c-b57b-f1875ce45032,45.23987350377153,0.46684897049174734
67e7c27e-8dd4-4dcb-a895-f8e31bc6c146,25.35763303564325,0.17810328043256507
639d152f-0586-441c-a4e2-1eac907c102e,42.85718815220876,1.2021105165468953
53608466-ceda-44cb-bd1e-64cf52cdaac9,28.433240255908082,4.963081510076732
9b3ed5c5-aa33-4bc3-907d-a71c74987c51,22.811733655194377,2.1154006944657917
e2cfd2ed-d709-4c60-9377-f7fb00813216,38.63604788244389,1.7291290726770363
342e42cd-c8a1-411d-98d2-70365a76d3d5,27.08651601942345,2.828248128766054
cc27c9cc-0c8b-433b-bb28-357d6b796ea8,23.558069515455504,1.5059433001234366
f328bc4e-bc61-45df-9db8-efcee6ab0d7f,53.30487665743344,2.235234623477142
02981599-ad13-461e-bcd3-4f9119b064ad,49.172787066929025,3.8158773180669314
d6e12974-3a48-498a-adbf-63a7822a2205,43.20057400638532,0.7410247723442533
ab619606-7aa0-495b-82f3-43c6143e9684,47.1279981828847,3.801430134754106
93168a3e-5edc-4837-830b-e4d9365108c5,50.74811500954449,-0.18465044295262878
06464260-a7d4-42e3-9f61-5d8829028a09,45.52304472604214,-0.4170773213943073
d33b21ae-f9c0-4195-b57e-fc65bb95ebcb,28.325224299803573,4.462674496773182
402f88a3-0567-4a60-865c-c93e8ec3d069,54.55461459543939,0.48442029048477875
f36487c4-b9b7-49e4-a0a7-187265b054c8,41.824726838379824,2.3248745905080996
fc69e618-3cfa-4171-9674-9047d81f6823,51.58938450335731,1.1181756586853864
46ed3ee4-1ece-4536-a9d5-f520863bb994,22.43063902139054,2.1958308355318543
fd9f92ba-0065-418b-bfba-b81ab959f33c,25.903016144281143,2.4240175723643067
5f07f320-22bd-409f-b78c-c92ebb9ee15a,46.384064176280354,1.139267794317055
f2800ce6-e285-4e75-b3e3-81832c22f737,58.893252365670236,-0.8173006823719848
f56c0acd-5bed-403f-b7f5-0ccbf44bf3dd,41.439782454305444,-0.3700779680912405
a806b0c0-4023-4851-a8ea-335e22520487,26.290487210543947,-0.7623545334286125
cf9b7daa-44f1-49bb-99a5-6d5191368ddc,54.72314806091517,2.546507540271956
9ac84220-d683-4ffe-922e-4d8feb476996,41.84242943515578,-1.383626138604828
1359874d-0b12-4bf4-97f8-95bd133426be,40.26849462853315,1.2790069596564284
a23de46f-e7a9-422e-87f7-3b2a04580d8a,36.94798692027474,4.0342708222207895
9585235b-0b27-4388-a78e-ffaf226d0a47,71.02258332538693,-1.3113852878186314
f4f1a147-9716-42e5-abb7-1755e3fb7d16,30.64014250744348,1.4550352570793776
cef6f8cd-8e53-4cfd-a3ca-299b82ded279,46.46207602532229,0.13859096511981295
ad966070-621a-40ca-bd55-bb5dda7f6d17,32.213280272705866,1.4273648910110397
6c1acc1a-3853-4ae2-9591-a968d7609c34,45.33298924162171,2.947560810341561
36d5eba5-b22b-4ecb-a0d4-24a48449ef30,49.13149097972378,0.11243052832512124
8709a9ac-c288-4ae6-a065-19d916d74112,56.06648848879296,1.7317757386424746
563dda06-f390-43ff-9f3d-1e9100a32938,67.3468767722846,4.31195959950052
ae804c06-5e94-4219-86b5-d34025e07b81,41.71875988574633,1.5845535158320554
9b9eb05d-13a3-4220-bc7c-27f679714445,41.546349982503294,1.0330367463314618
d6470498-a18d-4d52-85c4-ee66cbc34606,26.708328464197297,2.2876256556456482
0d65b110-306d-4ab7-9ce9-8727b5d08cab,31.864497264588834,0.43992137981579393
0ebe8389-1265-439d-9045-95480a52515d,26.99716150116223,6.800192596159811
08ee3970-2ed0-4c94-97ac-50eb53421316,33.837295457003584,1.5094955127344807
2030cf93-8154-48e8-b4c1-055f56136649,54.06491259786929,1.9387769530619297
075ecae4-878d-4c2d-b38b-a63efe3d5eee,50.10596405106565,1.687320305278291
c33bb7fe-0a3d-4a71-8c4f-f964aaed3009,51.56742680901533,2.041674924775962
f4fceef0-c0ed-4935-8c12-918ed94ad6c4,23.539010434840684,0.6645055933403754
dd98e8ec-e632-4360-a148-b0d8da87c429,33.405409149772716,0.9092536706550991
1adc413e-1b81-4d38-afa8-0f812788ca1b,45.17011358128843,0.10457018007131036
fb61ca18-99fe-4d53-aedd-25edcc60bc7f,53.47425746855802,2.362529617338888
be4194ef-f3c7-48fb-87e3-a011bf21ec78,36.48648419983273,0.5209980703282391
d5d6d2f3-4f75-450c-964d-2ecb65e17bd7,46.88993437140101,1.520545913206303
78294172-7da5-493a-968a-3303a6a0491f,33.02808590742594,0.2531097336795013
2f977d0a-bdd9-48ad-bed8-02e073ba0529,30.888761051964668,0.7062748313444149
19c11724-9aa9-4f54-9b99-be8b3b4b017b,41.661410203754876,1.4373132755912361
2e501126-253c-4b42-ab48-00536127dd0d,41.011121101271044,3.155222065984986
fe59914c-b9b9-4ea1-8a91-9e2a759423be,35.683406026848026,0.5587766694669037
dcb575a1-6bee-434b-97f1-4ab57ed21eca,37.0957897290327,4.312960198666852
9c0f063e-aca4-43b7-b169-776c84db53d9,52.2268961986889,1.2563765888323548
17b5f928-f538-48f1-8707-8df27def5e53,36.79573304384632,0.47735462144672636
ee135336-0077-4cf7-83ab-e651bfc5b1d7,46.846017611869506,-0.9226018125760184
65d745aa-c40b-4641-82be-31959ac2cfd8,39.550519334805436,-0.6848366414276639
1289cb20-7d30-419e-a2c0-933e6231aee5,40.55865766015264,2.1688540260153344
af6bc6b7-dec7-48a4-bddf-6d0a9a9bf868,27.229588169995804,0.3465054293216845
a208b1cb-a397-4a13-b5af-3edc6f83c2e8,47.41857451802595,3.5972342246400566
a764f04d-495b-4c1a-89dd-bbdee0eba4eb,62.531875878274796,2.2710686606020842
78ebae00-09ba-4b4f-b606-a2c801ad73d7,39.087359835649686,6.129468422357018
a4369083-2a6e-46e7-868e-0fda1f320467,54.676454352901935,2.234862165310139
4e4e24ee-61c2-43ad-94be-78c8001c2310,30.32569758344266,13.887044967254868
44722125-7836-44eb-8e64-0e7c63892aab,29.994472690141105,2.22873413206942
87e36c66-721b-45b3-9d70-c910176dccac,43.64159872991573,1.1414403898780636
57521e4f-f664-4935-9277-07907b1c5ba4,32.27807199865206,3.0173889680562818
e523d1a6-4165-4358-9203-733501a7eaa6,34.9523977224178,2.2039107686871553
86e52a32-0288-4c7b-bc70-2f7ac693af1f,44.62581516073682,11.579858822899098
912e8bc3-cef9-485c-9c08-9e76c763f47a,47.073837131941765,0.16842512960686612
c45dd598-2fdc-4465-a232-ff6dacd39b05,48.340517264176874,0.6465889464302083
822be536-0122-4086-8367-437ef87557bc,31.524329606803168,2.145990606847642
08817189-4edb-4dfc-9e68-931b084c8509,36.408015624453554,0.9982705126461751
d3f0ab2b-db05-4b0a-82fb-796dea57c98e,40.06153321692716,2.057721014263392
18681f24-084d-4ccc-96b2-6879af2ac7ff,34.155291221299734,0.24286337184014173
6230eb17-19a3-4b56-998d-c465f13f6883,46.75053861444605,-1.9847488616694744
e56cc2f4-6473-4884-ac92-00bd64fdd28b,45.21590868468785,0.9215406503856789
dc8362d8-9fb3-4f2a-8a3c-7c7efcb6ff40,37.443645044457064,0.9489755316722843
e0bc8d84-547b-4e5f-8583-f634ce99e6e7,48.32176248936421,3.060281809524609
cbbdaa62-4249-4fcc-8c46-f806572e070b,25.520297456278048,0.4613391049144451
265ae52c-a0e0-4547-8021-1a605dcf6550,40.85127703069725,4.626170449371733
2ad6d6f7-7dd1-4547-953e-b9d9a53aba87,46.23686056844415,0.738022712797668
d8e4050a-8fa5-49f8-9536-e3a06b79394f,48.09916146909276,0.5454367640937219
334058d4-5edc-42dd-ba70-9f96b7798fd0,55.587033230717196,6.325465305659786
9a88a305-13bb-4434-9e9f-c6618e081cee,34.08521982925592,2.6799212941592803
423571d2-3d97-4daa-bb6c-c4c914712f44,33.805157798696136,1.3735063157311034
708f718c-99c2-4885-8a3a-b30c20514f85,26.21974420994694,0.011391636150286044
684f9f3c-9b5f-4895-b3ab-00bbe8f8ed62,42.145213392112126,4.697185982636555
ed824f77-a045-401d-96ae-f6d5ee8d8abb,52.18485580353185,6.020264109467286
a30a28a1-1330-4472-ae5f-e465c93b2a07,57.28140008863819,1.5587481645797376
8ac02ae2-935a-4d64-9758-24e8ee8e0da2,48.81001103886113,0.1912375564429898
2992260a-9f2e-4565-a4fb-a3228f4faffc,45.28149579336725,-0.02351942605100321
37a6fd4b-9afe-47c1-93b9-2c002b5e9f57,36.39099102718445,2.2484693123741817
68c1bd40-d119-4d75-aa60-d9b1ee3e22e8,48.69614194844213,0.931290148663998
a6357ca2-1c39-48c8-a70b-cd5a376a4f82,52.97124852794277,1.240029411144413
0733f906-619c-4252-a5fe-915cc3791b5f,32.53708620703464,2.366977606041252
21275c92-1fc9-4130-939d-08f4bcc90fdd,50.95114036344882,0.6441461038334424
5dd66fc2-5a1e-4856-bae0-7d522441f3c5,37.31322689630536,-0.3501541065241715
201c5de6-2c96-4c93-84fd-4ec19ca035a2,39.519869232564325,1.4410930196796028
6e97f6f6-7f83-4275-8053-cb35cfb4931c,36.26279133598362,2.49971250864336
3c0efe93-bf13-4078-b118-becd155d80f9,35.30901782864874,-0.36767692267902274
d3f07fb9-dcd9-4d39-983e-834f1eb031c0,28.812459797545493,3.0395043728818933
4af61577-702a-4751-be9a-0e1a31c266bd,26.424372563631877,0.5418840326228532
11e49439-bf8c-4ca3-8018-c7d3370638a2,26.94560908806729,-1.2206264898556094
2a80ba89-f2d2-4238-ad59-118b41e2a2f7,43.63958464871273,2.2941331361231265
a9ba6526-3922-49f0-86b7-2432be263c83,32.203345935009125,-0.8432241834404739
adc6d869-de55-4226-8906-36eb14eee8f6,18.522671116208347,6.15167825781376
a7e7f830-6cb8-4512-9bc8-8fa13856954d,57.94631074673756,-0.051522097102685516
3e3ecc3c-e485-4082-8d54-fdf0257324aa,30.13677045626805,2.6869700492549975
5b5b219c-f527-425a-bcb3-daf78d63307c,36.266272091963685,-0.06366740251112935
2537f0df-b988-4304-ad86-6cfc83457678,50.60639340448053,-0.13509055171886086
31c1b071-f4bd-4cdc-9c07-86c26bf4a91a,36.657457999331584,0.39620070514601635
d94ba61b-5f33-4847-875e-db9c1dd9f4c4,17.669238244573812,-0.9139639847306401
5c3f6abc-746d-4c98-916a-8894713ff1a7,39.55379076415585,-0.8968000242876588
34b96d33-7db8-43e4-9e56-6f03c02ec88d,26.163868121238536,7.084337453458871
f26593b8-ed68-42d0-a3e0-b57e3ec96d7c,37.64891537361787,1.9389957666599313
6ecb2cda-5553-4934-87bf-23f704d70986,34.04141825974472,0.11478205765945382
70ee2db5-cc9d-4953-87d1-047dfba20440,36.86456205854217,-0.6564556568912842
cab37502-b33c-458f-9016-7c620e472107,36.91030703011401,0.8946664079612963
50ec10a7-1385-41d2-b9b3-20adf0dae46d,54.9493064263381,0.6142796668825975
a489e133-fb15-4c95-b9b7-db58e7a39d1f,31.46487378027315,1.1758930921535247
1dc95331-c404-4edc-a434-602b09537306,36.52823549857612,1.255677726965356
4ef1e79b-57af-4db0-8cc1-2419956320e5,23.889171150019315,1.9007702079498703
63043b90-3d65-43e7-a431-46eb32ee826e,48.48108125409642,-0.22404067015166962
dfea82b2-9024-4ded-afdf-483b496ae933,31.410216757507566,0.3863846034245223
9c3b15a6-56b1-4301-8f8d-1708083eb356,37.543633660208734,0.3103890138834473
c45853b0-9a31-4ce1-9485-fa571b99e42a,38.01606225156722,-0.5319037025622781
ccc36489-d537-4ad3-9ae7-133067cb55ed,42.07363000147466,-0.5763772131123112
24a29eac-ec78-4b41-b203-275aa3859f22,33.15699225551868,2.269690739786338
d5cf7e05-82e5-402a-bf52-30a26bbd4814,46.63537038690103,1.0770270153123835
fa7306bc-fff7-4b13-9ce4-7da44d38ce03,63.244266463138565,7.338688618137963
60c1b376-1cf2-4050-b0d5-9c63d7d38003,33.120136122316424,-0.5823114818205131
5a1e03e6-dd06-4d88-b3ef-e4e5094dfaf2,44.91679547718152,1.8919010694648992
e782c4f3-d305-41e8-9bd4-4da4ac02d8a5,45.57599286304294,0.949836965973875
54d93ed8-ade9-4258-9a6e-bb245ffdc7c9,45.256067866835735,1.1213795171652792
ad6b8674-c7d1-4b81-b7ed-622fab183ce1,36.94038100763505,1.051015032929451
7ede5676-733a-4884-8e41-0a741500535c,31.428686294099442,1.825285274581077
6fbebcd3-6d4c-4db6-8976-a91d3b93d110,52.20190814372597,0.8618530191596149
71f63080-87e3-4a7a-84b4-368fc343c382,57.10076753710337,0.4036161650169172
8e9539ec-5c69-4335-9fae-b0a32257bde6,41.78128461499737,-0.5159497375156603
3c713c53-74fb-4b1b-9563-c07b349dd48a,41.48132330112849,3.6390556453241
0225ac4c-e6a8-441d-8441-adc972c644c8,41.992922354483575,7.44032387627092
59416524-b6c5-4ce5-875d-4dd3d72093f1,47.10041911353619,7.938896266793151
20e7643b-61be-4522-9faf-58bc8ce87808,42.70686965487528,1.4256668056427422
b622bfc5-0746-4fbb-af90-2bfd5b7bbb5f,45.05115353438256,1.3567401208551493
c98ad96f-a558-4875-9650-923bbaf46483,49.10070560854906,4.661938836923057
e9cd15eb-7f48-4d8d-a507-0f527246c5de,30.55552063545364,23.862045053125474
479f545c-9fd1-4c10-a556-865f44952a06,48.22903151541475,-1.25800153315211
31aeee60-9e29-4d6a-b193-7b99abe39101,47.131419780952186,-0.5818353246138805
f32477dd-8eef-4b13-8877-12fb3f235e31,24.426521342770098,0.36720148801119046
dd830628-25d6-4530-9dd1-096272daa2b2,52.38925818553233,2.306948893655356
d7c3e752-6ffa-4e59-9197-bc265dcbd71d,46.82778950142175,2.4472746339483553
1643b30d-ce6f-43ca-ad2d-a3ff2b0d1ba7,41.61375261722142,0.7814113366369304
29e509cc-9fbc-43d4-9dcb-a5904a390c48,33.39990335508773,0.24844688679140703
29a59163-9117-4f8b-aa9c-2a59df0ede1a,45.639279375592984,1.3966330314931819
f7cbc7f8-efeb-4faf-a126-9d6dc21195b1,48.40089090924423,1.8460735411033837
0365a0a1-ab62-4dff-9f3f-3c7465f1738f,32.19478992058249,2.6600790706858217
3e0bb73c-99df-4a98-a71c-fea7e41ef1a8,31.502156601171055,1.5756425716689266
326b2b2f-1a13-4a69-9a83-d5d69ea452c3,18.195825578680527,4.905800281331419
a2e8ac5d-c610-4101-b53d-3b65dba90bf5,50.10521405294461,-0.057410854417565216
42f0bccb-b956-4428-b65e-dd302e3c5f5a,48.680498425831075,1.2850990930308088
6be5cd7a-762b-4c13-9ff3-a77f4c54ef83,27.144600471816663,1.9842658612794344
bbc7bd62-f3f5-4f76-8ce3-dd2313f7bb95,46.47792405877432,0.9483461725314362
33fe66d5-1784-4783-af50-addd674554d4,53.67867446457337,2.011378449397396
2767dbef-e35d-4e39-bc03-f78a6359c24b,33.35230883138118,2.4823041216512083
77eed245-c907-4a4e-9b7b-01b4842bfd33,67.75682335797488,2.7600287533283003
946aa0ce-24a5-4f75-8457-74e791d65386,50.55528323145541,-0.004466821515706876
6ff7dcc2-fbf4-4742-b2ed-54f5b0da511b,23.43695811579458,5.934975835022074
d6de09a5-408f-4d9d-a361-8e9352a0ac5b,45.66448352395392,1.6060997275558997
e90f1b5a-5b85-4275-9907-30ab5d9a99b7,53.02484978817989,1.3397572308499872
8149b4d0-fa75-4d43-8249-6ae7fac92cb0,49.58177924594664,1.199467854237418
c79ed5eb-c79a-4af9-b7f0-6c93cb5031be,37.680902593045715,0.14033342349511724
67497cc6-7388-4faf-af5f-4b5de3dcc6e7,38.649120635521506,-0.8935787661310695
34c0eba8-4b4c-4a79-a52b-3317b32e96b7,55.96805022470072,0.9954071975976462
683561ca-50ab-4c2e-a25e-9974b9f1cba8,26.634418656379648,-0.8963501284353252
1feaf642-1f40-4965-ad43-4468f9892035,31.079247142397776,-0.6245713871473488
715794ff-4f76-4084-a838-03ab0ca8c9f2,39.445342289934274,5.32070375922752
698ab9cb-f5ff-4808-a71c-a8cff86b507d,51.83513924102627,-0.28116535421834277
fa74da25-18a5-48c5-ac64-b327c65660de,59.549375467077006,2.8057196975432763
dd785be1-3781-4624-8a95-e332e862a06c,32.454832942016594,-1.1123167641647473
be06de5f-6bf3-4661-bfc1-57f1d7b01841,42.986321130221796,1.9892006022628754
ab578541-bfe6-499d-bc44-dacad855eda8,50.422421728083734,4.358737743111891
e7b5af4c-125c-4abf-a565-77bc972d2eec,33.824116140089636,0.780664522654928
5d37eb92-1ba1-4f82-975d-2ea600c32065,35.862456502257146,1.668069599084902
96f1a9fc-d5c0-42dd-9cc2-90832349a475,34.13826333522269,0.3642830974929895
235f5b0b-ba0a-4af2-87d9-42cdd34b49bf,29.294537202784127,7.9912690873815295
4f2439e8-313c-40d8-8d15-0c85d25055a3,43.26532990160048,0.798953943649595
d380a1eb-109f-4383-aa40-d2044a518358,26.056256162189733,1.2088837812405495
d23b3f59-7ab2-4b76-b7d5-9a9e4e093b58,56.77942193365999,-1.6806272016883008
383f7a64-7dee-4e7b-aa99-897ac33d037e,43.95405301936705,1.8213312856483235
a9450699-995a-4a5b-8cd2-95da9cc0b0cc,44.07311263802677,2.9831374956593186
5edfc6ff-852d-498e-a4ef-9366627d109d,33.87672316030104,0.1902730924676349
28ff3df8-e23c-4e8c-a39a-badd65281655,14.5856613121663,1.0641302063464693
1c207eff-ac63-4fff-96e6-d45fa6eaa1d1,27.879394616679548,-1.1194681166770144
4e3dc7fe-e598-446b-af43-613d44232646,40.80298347691909,1.4144420677818552
1e034cf8-75d3-4060-81d1-301c9f2c5836,45.27352956483452,1.8075403505056442
b3b5e2b1-9c02-45d6-9dc0-24162d54729a,53.85892367447999,0.20436422854284497
c6c6ae33-3a5e-4807-93a0-f87ea47cf968,43.51393047856892,-0.36809181970361715
cd7def06-a69e-40c6-9c06-672d540c03a2,59.98751264543626,1.0849669898103627
e6afe171-b384-40d0-9571-18685951a13f,48.76114364332165,0.7068602493680547
e766344c-b771-4098-b6ae-f18fd4ea2cac,26.79806231161455,0.7302633570265931
702eefd5-e6aa-4b8b-84c2-a12fe330832d,27.309064259332573,-1.3530505512746707
7fce747c-b3a6-4031-9252-2cbe6fc3b070,45.63363397711088,2.1534856623220335
a0ba7a5b-3896-43a1-a234-3f0f5f79b2fd,40.971400362544074,0.8290448905396994
ae2e7996-ed0a-4674-8208-68a6faf48a3a,42.58279212810942,1.478048876209914
1f083f10-4bbe-433d-88c1-0eb31160fe30,55.2001363056927,-0.211051216783629
f73d9b68-9106-4bf4-b2a2-195f92c635ee,43.94243864453292,2.8140862674185847
bbc5245e-1142-40be-b27a-b9b8d0813e9b,32.46142704115815,0.8481976421736899
611ed8b8-faec-4efd-a841-811cd358de58,48.71335185478916,0.7433064785134758
ec73d970-018c-466e-b2e5-0789bce6f94b,21.719949185680854,0.44007057142206074
74e1f98c-6892-4415-bf7e-fda0b9a75269,33.49356976350251,0.444435589326489
fb07310d-a6f3-4419-aa93-f6e3bedce85c,60.26232102812872,4.663618465056477
8cc09f8b-0399-447d-afbd-1772b4fe0b23,40.5226947054979,3.418306777089688
df373f4a-796f-43a9-908a-77515f1e2a29,40.345804392857126,0.7945230841794906
f7c3bdf7-4338-48f9-aea2-7880bbd8e87c,49.952238923564146,5.932307135654524
32c93cf6-94d1-4a68-a06a-9095b349d8e8,43.7247208099891,0.7709838357799763
c5694f38-6e3e-48cd-9375-b71ef0a3b064,44.12705940441544,1.3434658953204939
58f927bd-be61-4801-9ea4-f66cfa3075c8,54.72482875498858,2.8815841954460097
0b3acfc7-2e6e-4ab1-a314-200ddf3f8e5f,36.22951965090366,2.0275655347526342
e54ed165-e784-4f7b-88f2-13d924ebcf99,46.401130242109446,0.5229125125463082
18e23b89-5955-433a-b75d-bc15572e382e,71.35240513636522,3.6185417766295163
4334ab42-b517-4c1c-8307-b1096a20844d,23.406469518239874,1.7877157985046264
617dd8d4-81ab-40da-a5e7-529d4d21ca5d,40.6891086116119,-0.08173390078541565
27162883-2af3-4d4f-9c01-151b2165d3b8,26.79921560317126,5.245047390500279
2810ae3a-b0ed-4801-b6c5-87980f6ffaa5,43.791705912183595,1.5133548861158619
ea85f395-77bb-4870-8d3d-c986ba66d979,51.102115998642894,1.752585997550035
e39ded9c-a824-4e59-8ea1-92e6ae8170a7,42.04040946511802,0.487212507790278
ea698e21-5a3d-4ec1-9166-689aeb19d31b,48.25453603622418,1.9488679674316025
4cbe840e-d89a-441a-83df-e860d723815f,43.85345568813427,0.050350032771561165
b8c3ad7e-f244-4fd2-bc64-e13537a1a2a5,40.62947904194793,5.174082249701122
6b630e41-5574-4b2a-ae47-d58e2f9d8f86,54.3065530298433,1.0195563148992646
cffb5cdb-6d2c-4426-a351-36dcc4be96e6,45.27465753541383,1.0800138785987445
3e58517f-4205-46a4-aca0-7493d8e725d9,38.4884188331088,1.0037118415062354
4667c826-854b-481a-8022-cdc56851d0d6,30.214513427816126,0.9621400768010534
06330499-b945-41d4-a2a4-a33c7cab0a77,44.54599253862431,-0.5183827970706798
74cda74f-fddf-4750-9266-20f1736c172a,36.605507116593415,2.093883914602477
908e3efa-e15b-4866-a3ba-e6c06b2e00e3,27.14509556135824,1.307244899556776
4458ea49-d65f-485d-91bf-92189fa7951a,48.11339706417403,0.38515277780394175
3b00183c-4d56-4e6c-a021-21bbd6f78414,31.861149646655104,-0.5471262881834581
8555f8ca-47d6-44e3-a4d1-bcdc1bec8569,43.21318149285911,1.537633664872453
46e274ae-f196-4775-89f9-c68e6910d14e,28.52718861387913,2.154617402894904
cebfdafc-d49a-4f38-8c3c-d093b371491b,36.64590752939765,2.330114976279489
869afb51-bd4a-4274-9410-a1d0e6a892a4,36.90454592101902,2.440514444503081
dc6f9143-0586-408f-a944-4ffd6738d077,60.60605902010983,0.39040629642068253
341853a2-9aea-43dd-b85b-f7a573c64f55,55.70843967070167,5.4726912797375835
58dc2ddb-9c2f-40b3-aa60-1c1490efa27e,12.613673064776895,1.7277849007279311
f169650d-4c35-4985-812e-4c56182f9709,37.442246857719326,4.169749513988114
60fab98c-1272-4854-9285-fb2780b1691d,48.35236976248003,6.347885030682718
b846dfbc-200e-4af9-8ae3-153ba69070fc,19.302855622164042,-1.1046165630266616
5c2eeed3-6e03-4156-bd13-e374afe1978b,31.942949606327872,0.8903979426480007
b25baf53-f2af-4ef2-a8a2-1bbd827be0f9,35.50113797825512,2.5142756136534588
1dd4277b-5346-46d1-a6a7-648ea1713de1,27.295700676218495,1.4129927111610667
57fda66e-2248-4ed1-a454-5a904ddee00e,44.180353256149466,-0.8766072242793341
7392f77d-d6b9-459a-b7a1-f3f6a6090748,33.80009092925942,0.25748543424040626
2f993f39-f3f2-4abe-86ed-94beb056cf5a,33.92172683457631,1.8913913025100029
4989b771-c301-46e6-a3c4-c730dc62ca36,62.21453556704096,-1.1023166793692962
e53550df-3492-469c-95d1-808767d72425,49.151874293279946,0.37269244941938023
e42e4717-1338-404b-b823-d43657a4cd8f,36.88334503160246,2.7521762582233014
866f5d5a-08ff-4ee0-ad4e-5ad126c313a4,34.83648924657192,0.3930745389372647
46334e99-04f1-4821-8198-3c5c4f556a7f,38.5675803838119,2.4148104927098393
ba331a15-22a2-49b1-bf3e-4f47c1cc22f3,48.11401478146461,-0.0016489742753657
8adb8ca9-9dc7-461e-a368-89f598f1f9eb,38.10467767096374,3.257677396349499
791c4dc0-f5d0-4ea5-a44d-a7504c616b6e,34.792555395345445,2.545813122183504
606ba4ae-18df-40f8-acb4-dc6adccefa7c,35.36628130183065,2.0959437734475332
725f2c0a-929d-48cb-af3b-37d6e8d46486,58.32463491645848,-0.30854364378711063
488a554f-1901-4b54-9bdb-a4c6caaf22ff,41.02829855551352,0.14407900308755317
593baffb-34d1-4df9-a2c2-ada01e972eeb,21.225113323681065,2.522256934828846
00eb1e1e-39a0-414b-b45a-e21a569f23a9,38.1043888383748,2.7937493582070454
5ce60f96-359f-4c38-abb5-dd78374de91b,39.188613804244596,4.368386002722195
fa159f63-deff-42c0-83c0-e84772ef5288,52.103637380940306,-2.0599002045031374
4939eb49-e691-4776-85c3-8b99dffd3f5b,50.153597623245766,0.3520059643289457
d9d3ee12-8dd8-4195-9f7f-0ee5d3bd318a,63.377493811298734,0.9865948044783
35f25fdc-4ed6-46ef-8a6b-a8a5b946f555,45.636087980791345,1.6490038806963208
2f59357b-88af-47d3-b298-03531b746a79,46.86724379415365,5.040022656483983
daad8d6e-393c-4d91-88bd-16cd10adb989,29.93268519010996,2.7306350451878516
437f5eb7-9940-41d1-8f9d-4ece093b4ccf,38.87107836859943,2.024620539474448
30185cf0-552c-429a-9190-19cf7df5c9fb,27.316938384859753,3.0894918880082836
fe2f490c-b292-44ae-8997-1fae74f35511,38.09904000058883,-0.26232757345385693
6a476260-acbe-4ce1-bb15-5f17f3c0b70d,48.4009207693135,-0.0856986562771192
7251101e-52e5-431c-88dc-83123998cb71,47.495357361513506,0.8909841245182333
5f21d0e1-595b-436c-9f5c-ad4f9be08046,42.09217397224886,0.9821577902731964
78409c6b-2162-49aa-94a8-83679f6a55d5,24.80924190743351,-0.8892994929407277
9ac540f6-4a82-42ea-b509-b906bfb496e6,36.813134216937286,0.17653684093346556
f4eebeaf-ada6-4caa-a717-668980892b77,35.21144472090489,0.8050958920884277
02161cc2-c5b8-4471-bae6-dab696136d69,41.55613880656189,0.5948126304750047
a922d13c-647f-4ae2-b4d6-2e30e3ac483a,31.163062032454963,2.306653261814751
1e5576c6-3cbb-4264-8057-a5c8d72c1ad1,47.81354255293903,2.0770236290124893
879fbb97-aa6a-43d8-90bc-5eaed80cb99b,19.8461384305726,1.7561639115958905
b063d3e0-660b-45fc-8ddc-8c7ea22499ce,25.81369904674617,3.69245068163905
f40ff2fb-b17e-485e-8c05-6091f46c8dfa,57.16414124448917,0.023924809225920163
e9cf0f96-4008-4385-8255-9501abe7c5cb,32.38116880750741,1.754898899197897
e513d690-6dc8-426f-b082-7d0c40679934,40.48101209463935,1.3618757720865098
3fd8464f-dba7-4965-8cd7-1aa4333828ff,36.68791346542859,2.005410464271691
7c958e8a-a74c-4f64-b6b5-a76e8768233d,47.88553315302304,1.406980291329408
79bc39a0-0c72-4183-9197-d83fa64b6c0d,49.180056670793064,-0.7924860079059943
d0720b1d-7718-444f-a78f-4099663b4198,51.91481424028938,4.90893226657156
863937bc-d4fb-4294-939f-800dbf3034d0,35.01910472724448,0.3702653739913985
9b9bcfb9-040d-4a42-82c2-795344727a9b,51.57584864506934,-1.2458090970608064
1bf7e614-3756-4ebc-8ae1-b677dc5def19,47.93030366658648,4.455870605957042
70d69a8e-8a84-4614-b22e-da2da81a1418,32.89530001212399,-0.7307378957344437
dabe3483-083f-4174-8406-7e6d3e497f21,41.148270826960704,3.230342004613279
b52e92d0-c457-418c-bc3d-dbd2fcdeb2db,34.26575938294882,4.775653188842251
0019efb9-ac25-4efe-9d1e-fb48cf1b2a81,40.476479338855476,1.2022287854855493
bda4774e-8af0-40cb-b377-434065544ba8,34.14583477353925,1.6352099044656139
56c3be0d-b3e3-42a3-bf98-d8e2ac3b0cad,46.28537615949119,1.122429845726869
cdf1c0c4-f9d7-4598-8368-49041f7618d9,37.555036716819174,2.984904422384705
1d4a8ffb-15fe-48a3-acf1-cb172a5cd71e,31.64307160969279,1.068984770046654
5f56481c-7f98-4e51-be65-8eb4d8fac937,46.881675237661675,0.6202342371976466
7b22ab5e-6b81-4964-aa5b-6427222199ad,34.938504001943414,2.467751898896152
765ad20a-fa53-481a-9ec5-e4a20b045ae5,29.637638352191125,1.5177890602618445
852be1d7-f3bb-4bf7-b92c-1d44fcb940cc,49.847045130954484,-0.16982349831923688
4ab2f54c-8e62-4253-b3ca-4f2cfbd06e79,38.42115972245341,2.697885183000972
8f6d98c9-0868-4cd3-8416-5f2d4ef4c687,37.451868357560855,0.6798874326545077
29c69530-02fc-4dd9-ad9d-0bc46877635f,52.85176678206248,1.1225003254031485
1cb8dc04-adcd-4afb-be54-45005385ec4c,49.98057429495373,0.623876495019281
e1810594-d4b8-405d-be6c-0cdf9ad887e1,39.587105072682476,-0.45905950626171343
62dd5418-1fe7-4192-a3a4-8422c077e17c,46.81118485443606,-0.7835080983896233
68320657-b4ba-4345-9289-cd9dad53fef7,39.50685789133893,1.3165212860515374
b6c61636-c641-41b6-9be8-039d140cb967,43.74670167030736,0.6147429572271494
ee98de38-9040-4ca1-8415-401bd7becc61,39.88319021777167,1.324552112624669
ebc246ce-bd7e-4cb0-ad90-90df8ca718a0,36.446813349583245,0.9473419759354547
abeb83a1-2575-4201-af9d-2ed6941382d1,16.104946472583308,1.3747447545526734
c4407fa4-e346-4f17-9f61-31899185520e,49.50832443056877,1.8545830611393435
2a459b46-120b-4b00-8754-ebd314a68f5b,40.300708649677084,-0.29864444258021183
876ab789-9523-450d-86f3-80e77964a74c,62.13634058202983,1.4016407254179704
7d9dc862-3b1c-4af2-8ee5-8a080c6d416e,32.892257481686634,1.1358707762356848
66dd9b22-92fc-40a1-919a-54b21c6a3311,44.31934478533918,-0.9022951080202353
6710866f-be4d-460f-8278-e6bd6c262cdc,41.555443963201945,0.3749853982269231
1d9a8cde-4531-45ab-87ad-1f014a68d17d,22.2929878236062,5.124364554426474
fab8691a-3d83-44f7-a38c-d5475f613418,40.75595047018563,0.30691958643296147
a182581d-f7f6-4e00-9bd4-cb8aa0f161e1,28.0044843869705,1.2631936603239768
6220e5d8-4181-4c00-850c-6df9af9de2ba,50.11142281263246,-0.5028250596236012
e92c96f1-68da-40cd-9ee0-4e17e5a31c03,58.82712127652225,0.40903214153374184
a81f60ac-2f20-440f-9d78-74fa699700f9,36.30580514667529,1.166180657320064
bb35dd08-d13c-4360-a44f-09e95d0540aa,39.626181552185216,3.0266416177147675
d5844119-ba92-4335-8cda-d85a7740c78a,47.57524464658272,1.57220672164129
850a9510-fb42-454d-a832-b75d83b936f8,27.316862348570233,5.8169318614422245
9384bb82-1f81-41ce-9dcc-e74745ec1ce5,37.45442514699001,0.6516791692372896
57c8cc18-a9db-431f-9b38-daa7f5a3654a,47.81208144042685,2.2245038223354774
26a50239-6f91-4056-b1d3-943e70e95f95,37.95924923980813,0.7617503500555146
7d8b0d06-0786-46d5-89f5-7061cbd81f4e,32.985640749058,0.8935572944866694
b792ffb5-9b72-4df0-9f71-3ebd1e8c8700,44.6066698893405,1.3242990159731194
4bd03362-c62e-4b74-9a71-fdb79525d0f4,47.386608012873474,-0.5292561378560721
fc331ce3-6604-4608-bf5d-461c5e3d008f,37.08499202005689,3.0605380636601076
b1d3351a-d411-4d30-9a21-b0b30940f032,39.68886082684581,2.1020180756954523
227ca65f-8ab5-424e-8625-d36db9139913,46.78165779950546,1.7552957072189894
70bcb207-7224-49ab-ad05-5889e9ed42b7,28.626262804529514,0.7265241429668173
2876d503-c333-4a82-b871-6961c31f42d1,26.76654672054654,0.33552552009139014
54f02f93-389b-4d98-9074-fd1ec3000cbc,38.32170939422746,1.5620291638564203
4f3c9083-3a35-4054-9eb0-9bf61d23d467,37.15707188218876,-0.2593237732950796
eb2054ce-9e1a-4c7b-8671-4afe36a8d3b6,26.205185109615293,1.098368844483436
1faf8d26-1298-42d4-a5fb-f324aa004918,45.41799858363709,-0.04529897540042205
4a716c2c-0cfb-4687-ba17-95b5beb12231,34.134761198282426,-0.7876244957902833
7fd93b49-9fc9-4f09-8902-4fa78c946dba,46.85202478350396,0.6888878093555341
45c5ded3-b5bf-40f3-a194-f810a2c44d94,51.157016609058815,0.4721426735303226
360c0200-bf62-4340-a89e-d1cbf16fb9dd,47.74494915088907,1.6346292446279012
3ecf586a-810e-4beb-a761-62e155a4bc1c,30.968889759034052,-0.7947242047135907
e4c41acf-f654-4636-8142-50561fd636f9,44.78972694172189,0.9624264592488111
3fb7dd04-2856-4667-a419-9d73d5118f8f,28.657070835181408,1.6004881150752897
294707f7-06bb-4bea-9b28-444b2ff88a30,33.170838120470236,-0.08485822251082842
0ff43672-9a5c-4db4-adf4-f5ac39fcc73b,50.645463749348764,1.5780810079409882
fd24c3f4-6e5b-4a59-aabd-c88aacac8830,48.294074270623106,4.493233967780402
43d1ae0c-80f2-46dc-8468-f6de0367d294,14.728419456523422,-0.7702282242212803
f6a1e157-91e8-4d02-8338-795836bd9e8f,46.161737564497976,3.6098137697192767
9fcb7072-411a-42ac-aff8-be64e607331d,41.40427460717026,6.698591158802809
5b1c40f5-b93a-4bf0-80cc-811d1f9b91b7,43.3582415675293,0.9602870574561848
7f7bff4c-62b8-4295-9213-075949c65367,54.913406451753,1.3597998478210491
443a7bb4-846c-4463-8010-4a78a21625e5,43.903408962703786,0.2486503419330398
4032e570-411b-4f41-9956-81ed8fe686e1,37.100463831486714,7.682923553141842
c3554872-f587-4121-b9a7-fcd96c2f2ee5,53.349544282997016,3.157856490818415
fc321cb1-dec4-4132-a9a4-b961255c81fd,32.763208532831385,4.344982640218725
1fa5ce30-0996-4d1e-b551-cf919f6e43db,40.79833140735597,0.15307728386278074
ab9ae767-757b-4cb4-88f7-cea1850ddd58,61.50745840359673,1.1519500801203257
4dc4624e-735c-47d4-81c4-ea8bc4911455,38.32934788227987,0.11114645739658136
5bf8c7b2-5d5b-43a6-942b-c23973815eda,35.581579708342026,6.754484246179953
a9b08db5-5dc2-46d6-974f-fc2b776de357,45.76973642767011,2.9772950846415798
5bab2c1b-6988-482a-856e-8b09a3053d04,37.167082168167084,2.6295714225711193
ecc05826-7aa5-4f41-b904-22ec3f28e92c,36.552119032585345,3.6057259934211903
55833613-a709-4b55-9981-ea571bb8f707,47.182840531059604,-0.7754467965330183
65e0815f-2b63-453d-bdc8-775236541287,50.23638317455287,2.4758964097989304
00f9cdce-37cd-4401-98c2-1b5e3eeebdd2,46.26889322971311,3.070428655091246
becb8a1f-aa18-4fd1-9994-ca18ea6123f9,33.02605761290897,1.922918644862935
75f7ea69-2f90-4c05-9f24-c2553da3b286,29.12642011518522,2.621735194152797
4fba7060-ba03-4689-949b-ccff3e93bf72,48.54987500414929,1.8969500339349687
0eaefedd-f6f6-40eb-8da6-1ea77931ea3c,42.175220187093814,1.7770025250475796
7416ad20-d600-4a33-96ed-dd61beda0cf6,45.52381199325813,1.2090056520132182
0eedf4fb-edce-4faf-9233-bc814ab0c9d1,28.02494196136752,0.8306682487899142
3ac1b20f-d179-4f92-977a-5d4d44db520c,44.1498352152599,2.218684783917948
f255c2ab-0655-4d11-9f89-046c38bd8620,42.88651520075807,1.7429921344386483
8b6999c0-2047-408a-a81a-3e3ad9cbb428,31.5888581473089,1.008782611114262
e925262d-c6cf-4c5b-ba00-eee4c882b45b,35.628069376860736,5.710939309317059
edf5f3ce-6194-4e35-8d0d-374971bebd79,25.282255445042235,-0.09715405408515748
a296b265-b2c0-4a0a-8534-428cf82ca9b7,44.14247267271776,2.4457620427652627
755145c4-91bf-4865-b5ab-3da7c078bcb3,44.075767952940645,4.180289399057683
46a532fa-baea-4833-8c71-641ec9831467,30.68622460939116,1.130949843897186
ae76b55a-7ab9-4ce0-beb6-420bdd218a19,56.453915959178325,2.9369769012988516
fb8c6a6c-8e3a-47d8-8724-92948a4fc1d1,55.71038726924026,0.502435106034237
e781e83e-e09e-432e-9b5a-7fe594f730d1,36.3730380669317,2.489140170141401
ac6d4732-d8e7-4cfe-a3f1-e6cb5b293c78,45.6883279691958,2.5434718469993776
5f317fff-9a0d-455d-9784-d34d2e8748a7,46.80213611601581,-0.013475429811290796
5f8a7253-e3d5-4681-9fee-431cea85aad2,37.11182251873277,0.6016373388000706
a048fef5-315c-4522-a7e8-9a96dd92ea3b,20.090648773783446,2.4225790816840154
55e952a4-31bb-4a81-865d-87d5f7587423,34.814952222376704,2.0115478194152776
58b22ac8-1f1f-415e-aa2b-97a84165f7be,33.308851755024286,1.996642862030319
d3052886-872d-458e-a3b7-74f2e5cdaf33,38.177418896307536,-0.42515515358581857
9d115b06-c53c-401f-afc4-dfed69b6e794,31.625705388157243,0.7040473121122772
b7d46702-b241-450b-952a-7e10e90faf37,35.099030715567544,6.440797657537001
f421cc62-afd3-437f-afa3-1756e890c38f,31.20750956904812,2.344031988619924
6b901824-c512-4ee3-8930-8252da5ee5d0,32.42964143309305,4.208224658894434
fa05246d-9e3d-4fcc-bd7c-7dd6c58cee22,35.11338186743911,1.3848051337569969
cb53f31b-8602-406d-8f2a-e4fd7e0241bf,58.08548429423241,1.675825659034751
5188f021-e383-4652-ab8e-b7d72b58162a,35.074343816829604,1.7462487493933563
4846a660-dd50-4d17-b6e8-11c807589d05,49.69493026565676,0.7067870804386507
0cab167d-52a7-463c-99a2-b29ff0c67be9,44.00713971366713,2.5845052122747014
e4708d62-d5ee-42f5-8c5d-d831556832e6,49.448911234641066,-0.19139655643151654
04c2c1a5-1b24-4c72-8eb5-047c97dcfbc1,42.02858458235454,2.2535673708216697
c7f2e1df-f263-441b-a972-147927416c43,38.25608031177977,-0.7040519932961419
92531c6b-d35b-44e3-9711-104a07eb055f,37.05133995640919,0.5135870546634699
95ff5afc-f289-4570-9456-52b7257ab27b,37.96758325835202,1.019227880587598
d8686d31-f564-4b00-996c-6c0b49d11169,27.962798696708756,3.81297110269847
c13df0bc-0bd2-4790-a3a8-32e8bd41add9,42.302844754327204,-0.5015142906610712
1aafa486-7a87-486d-8d1f-ebc134a1d351,40.993793848886845,1.467774341966505
41387aa9-1c1e-4b5d-a733-230f5c089de5,28.85874904108418,0.7362369066481991
4b125469-3ae8-41fe-8f3b-de4e82480022,48.35546815574237,4.225473985487925
df6bf0ab-2647-4d22-94de-2297c61e1d26,44.44094386763295,6.959194335450239
74814af1-76ee-499c-9314-29ef473d6eb0,41.10991917645731,2.6113089895260497
f616ae26-2a41-4790-b9a0-b255c8011a00,59.17925268593353,-0.26404161004925664
e5054423-cc45-41d9-b271-4fc900065f4a,35.36072450534563,0.8309105548274645
ec9eb882-0a0d-49cc-af1b-a4a8dcc320f6,46.934927820444805,0.27181148984133663
44e65f2a-49e1-4ad3-9086-8d5ea3d5cd40,45.25392836586856,0.17999082172220637
fc19baa2-8a8b-4f8f-8ca3-fbd784dc9bab,39.53922870476704,0.5206071351668599
6a005c14-42ce-4960-8e61-47b868ab7673,31.182017512673703,1.078316921887812
36fa5789-1934-4ebc-b964-3d919c69a94b,41.42365678642898,1.776524269553485
4a27773a-ea7e-47a8-ad16-beb74a896ae6,48.16107129041693,2.1171050293430516
b2e2cb70-331a-4476-9970-9467be34c95d,42.73403774576673,2.2543578071086063
3bd75b18-b014-4cb4-ba7f-a8b8fd11b587,39.70302735083761,1.2245574581421175
49715857-aced-427e-8d1e-87f8c723c189,48.303557385701566,2.181296573592328
6f3e06c5-0687-41a5-9759-360276815d98,32.03846682431201,0.707425265884064
b1c489b6-039b-4936-8256-f4942c8168dc,23.042627227945466,-0.8690920912010365
096c3b2c-b215-466a-8007-88957b168226,47.123035710485986,1.9107936890662331
ae251633-b26e-4ddf-bf8c-2bd59a882b0e,44.038860713859584,1.1946877591563154
f3ad68d3-e524-49e4-815a-8938cef005bb,41.27326684337616,-0.8453068956429012
f47823d4-27e5-4da1-8ec1-a858ebbace60,26.67149538858204,0.8748270762842413
3d265d17-b5f5-4a45-8db5-6fc5f58e1e37,53.647003099193086,2.406107782164414
c63df2d4-afb9-4c6e-be84-e25f3495254b,47.15413583774002,0.8717275941903947
5a93977f-160f-4410-973d-d8f4001f6ae4,43.930735598929395,0.22915766075147004
a8cda0b6-8a97-4682-8da9-6d9f3a8d143c,54.087096733527254,1.150276718963219
1fc848c5-bc23-433e-a63e-67372d1c215d,15.322221577505708,-0.44327833724646126
2f0ba16f-bbd5-44ca-83ce-e54d5b2fd2aa,34.274709148383764,8.407387615239974
ac7bcf44-d152-443e-a176-128bcae46314,30.98394309873022,-0.37082239639445624
b0a4a058-2ff6-4041-b890-91d497d6982e,34.387547594141964,2.4963321930497613
3172e73c-03e8-434c-8a25-b9242bceb8db,22.433455271980602,0.29872348033152607
3877a8da-2964-457f-80d4-ded113d771c4,50.51295997132071,0.7729312938728516
fb411b02-6fdd-4c8b-a3e1-0243459a90c1,34.646807208488816,2.3239728238787767
c617e4ac-50fe-4baa-a192-ca4561ab12da,34.1509515244693,2.5816766530479085
8cf466ad-9ddc-4b62-814a-fbb60358814f,38.47469342953562,-0.7614652158388986
505262ae-67f4-4495-b0ed-36ba937297b0,40.25198850670271,1.3680254826491964
7f5f69b6-6366-432f-a4e1-2c0314ae80ee,34.923820735381774,1.5975237277440513
327200d3-a1b8-464a-a851-0d0a2b724cb9,44.46699040371999,-0.6049527048569893
ee156dbc-e68d-4751-b6b7-43e9cc9b8dea,53.40205948219822,1.6908330151005024
4aeb53b8-7324-4a15-a2a8-949e9b948891,29.55611857292906,-0.6621972115719963
0f0ede39-d28b-4a56-9424-55c024bf11a0,33.84855014650015,-0.20729660904701536
cd086378-0ea3-47ef-a626-b2a155647664,17.670507982922228,0.4925813170080708
047e8d76-a133-4e56-81cb-19cc5b369f14,32.781893457452824,2.8442493174105588
1737f2a5-0206-4e78-abaf-9a94bbe02861,33.78859144400069,0.421611139164433
19edf2b6-78c4-493d-a96d-1edb0a0c8898,30.946437964064273,1.508107238619126
c1f25eec-5b42-4ac9-bb02-18737c487f47,40.63036744020502,1.8910914923881479
b8371be6-3cd0-4597-bce7-bcb3ceb41cae,35.458123989965394,3.724227285033111
6bcfe342-3fa0-4fb2-a561-587dc8fb3ba9,22.799909027513202,17.37129195828464
96b90836-0416-4ec6-a4ec-af7e052c4956,45.54594642976689,0.2416279411167432
0f865638-b35d-450f-9ea5-f0c31c647f65,26.80867762391293,5.26979084640274
69a0bb02-7268-4860-83b5-655adef07467,29.602904943347426,-0.5450829567086313
240c55c6-6634-481f-80f7-2c5d2b449341,39.602994115147766,-0.05401255886172339
a81f0006-e951-471f-b72b-6a4645723174,52.74622209571744,-0.8524638682452456
25dda7d8-9d24-4956-a887-7ccdb94c6bfa,28.02228919398806,2.178318619429923
cf6a46ff-49d9-4ffd-9319-eede3a79fa9a,26.947933799834228,-1.0756024427344757
360385d7-e6cb-4c59-a9bd-3a28630bd604,48.68683595262634,1.4482639013050371
cf2ef4e1-9d26-4145-8e3a-dc0b3fa2fb23,32.691673272516276,1.7204067769819122
5e137e50-3cd0-4f1e-93aa-7cb79d2c34f3,49.74600426733615,5.032996539580197
0b9a1aa5-bab4-47a5-825a-c14f3491626a,41.25881558741754,0.3115125386123003
8ab38e46-1617-40d2-b9c2-5c223f7fee9a,13.726782696543895,0.8985820820058833
ef037dd4-9ff2-4aa0-9075-aa976fc046f7,41.80563928385399,3.0797987686185637
d1ac8869-c023-49b4-84e4-91f75d390527,46.073417366586156,2.2264169860667753
c33e5076-15cc-4a10-b78c-a6682afe613d,48.34913634235507,-0.8560995276777181
b2ec7aee-d21e-4099-89cd-c2d10390cafe,34.294871586527975,2.507948714615837
3e3780cc-2d71-4240-8fea-8270bed35951,48.83367199299321,4.358204339803189
77c92323-597d-4d6a-b8a8-5bdafc495765,34.281454928934444,1.9530626658171029
71989cc0-720f-49cd-b259-312e70efa24d,49.51379769035285,0.46499639026224554
cb9b50ad-9f43-4779-a504-76d7656e5ffa,42.32084416444527,0.0033573597583099746
0d3ab01c-6762-469b-a8ef-fef6b93cb9cb,45.60452241070415,3.460187979430799
83ed3c55-9ae4-4dfd-8fa3-52545a9f92ce,36.37184442991101,1.1671390705277478
b1d48498-0d27-4ad4-b367-ea2f9c859726,47.390510218016814,-0.5560045285441679
b31dd926-f3b2-4507-b1ad-099ce55679f9,49.128179169315636,2.2256119767447258
da99d74e-b00b-4889-bd2e-02d4d2774f6c,46.0111141204912,7.44457305914379
95e5229d-5165-4cfe-a912-2cd6341f17bd,37.41051567714131,-0.22497638031940054
7e37992d-effe-4f9a-9552-236e8c20a0cd,41.41077832721519,5.945782633828361
c9d0a9bc-f809-47b6-913b-59b0ab26ec53,44.86878038459524,0.9036389803693042
46046c89-d1fe-41a4-b867-f622b2e2981b,53.29278616821243,3.3687780265931386
05fb4086-ede3-411a-ac09-0dee3557403b,41.72218900788096,4.689814555907792
807337f8-7aa1-47f7-8ab5-39909fcf481a,24.86210599627149,2.8105725923996614
858cf308-41ed-4e23-ba3c-da0708d156cb,38.40887504102415,1.6399189860576702
e58e76fd-9476-401f-9194-e9ca6c184d74,38.53488944141563,2.2644154973166595
3d6ed9e0-90a0-42cf-b39e-ca1647cb2561,45.78324554327012,1.6835603587979626
5ee5a231-f524-4d10-89ed-ad78b84711b6,29.349114652559276,0.202560045306997
b676dc8f-8148-40a7-b6e3-61aec86d7bf8,38.72091388312977,4.375185613004575
7eb4bbd0-b047-4054-a819-8841f273daf4,45.037634375548016,2.6402656777332005
009fad46-87ad-4c23-89e2-b66a8d6ded49,30.674065476753068,4.944483592281774
df1e837e-f18e-484e-8788-daddd86375df,41.837598570814656,0.16007126383947834
f9e0c456-a801-49c8-b20d-cb634389378d,36.26933853142764,1.7498600599290781
39d56095-fe47-45bf-bf3e-6ca90620ba8a,47.17756473599519,2.3705535036788983
55a36322-de82-4ed9-9bb6-993bb2c87727,39.29468047999089,0.9084643341822332
f5981e47-c8f8-47f9-9184-fc2dd6ba3b41,19.41689126563718,1.0936690008886327
61ec4e48-ca0a-4194-91d0-ea669ae98433,49.23719761876199,3.4411584826964643
bab1565f-de09-403e-bece-4b3860f8255b,36.07189203178065,0.705906753112045
374a8137-01ee-4b52-9d7f-a90495f9e072,48.459738864063866,2.361250078700126
74af3611-a635-4147-81a0-113e34ce073c,44.40348183701382,2.4470010109737794
82ab965d-2b47-453d-af35-f11b8fcc0881,25.928634111998324,-1.1645932323443264
a1ba3d45-d53a-4780-be67-04c9ca421e8e,54.05731418662041,0.6415983709977215
bcd8608a-733d-4bf3-8e97-11caea9c737d,41.57381441422603,0.30234968969935205
20dccd15-b0f2-4a0a-8438-a127b1197590,31.72365575298838,0.777625775760144
2ea9c82c-497f-46f2-b5a7-63c17aebf480,46.079288886471616,-0.5203426243161361
5e326c78-7927-458b-a627-50c5280f0e76,41.007840586030106,1.011149830065273
aca7401b-944e-4f96-bff0-5d738b55a12f,41.37986821317808,1.9824908180248462
18ff07e2-5c60-44e2-a0e3-9d7ce89b340c,42.49907616985759,7.277430930837941
878961c9-44b0-42f0-a116-94c537aafecf,24.970155858315053,1.8941584466656898
36b2ec1a-0e32-47fb-9dbd-b09a4ecff08b,26.650258531041796,0.5097864845219832
a6fe7ef1-f31d-4f6a-af55-488f8140d5f3,53.30008518444686,2.0167258634646443
f9e09d65-83fe-4ec4-9385-41bb4b958fe7,35.16737830093322,1.6126763967874016
7f47f889-3095-463b-960f-b8be9819a7cd,29.972985956924127,-0.4410356530603106
bf32341e-7461-40da-a562-139d76b280b0,31.654089216885215,1.3005143130689225
9c9b96a8-9336-4d08-ad3d-f58bb2b44cd4,29.30791760979206,-0.29000504375059033
3dfa6cd7-c084-4219-b339-d22d31885d6c,35.98793122625314,1.067864855998074
c821d8ff-7e08-4c06-82a5-31558e52579e,40.726771979066854,-0.01250350748853818
2c57bacb-c213-4682-a5dd-6542d751c12e,28.792529260667294,-0.3389272954122905
0030b006-ac7f-46c6-b1fb-0dfa5b86c5a2,61.377990113846224,0.594688981845695
4860c1b8-1b5a-41c0-9e1f-31466729762a,44.08650689840022,8.195317112347288
85fd1bb5-4c40-4547-a05f-9eb2e652595b,25.78907362526344,4.067309724330101
a498c189-273b-4aaf-a0a7-e1fe66337bd2,30.05983295216691,2.4198483882062294
fd6c1673-45b5-41c8-9927-176d8d0c026f,49.121940183682035,19.857370646241936
bac61c0f-e3de-4fae-8c47-6811afdbb5f2,41.87394131054857,0.860701142865442
56cd59d0-99e7-4cf7-b089-5b3fc6d5dc94,37.80972695009049,-0.2590304568843685
5e1aab4e-c8d1-4089-9828-07bf36537608,37.80129636848121,0.8105744656815985
8d8bf7bb-8637-46df-9ecf-2e2996f966e6,43.86095784910442,3.0124352507062997
b0f86048-fb64-4a5a-be11-9575528e6e52,40.886318437462556,1.4648424211081428
8896070f-b7c7-4361-a53d-71f1df54e8c1,42.06301764825967,0.8733780801338963
46b74a71-7fe7-4777-bf53-63f01a158944,51.74312533146851,-0.4672654867741438
a91acdee-bcd0-449a-9b81-7f6523456209,32.04544263267065,-0.6958306872569997
d3c86e57-31a7-40d1-8761-c491f38a9572,37.08180874537876,1.559051623478887
158854d9-c12a-4a05-b2b6-ebfc0782aa25,40.84600833241573,1.643484059548862
4b8e1470-e440-4728-9219-ed19d22ebbb6,42.610864432019675,5.655685730651083
6f17af84-c3de-4a32-a160-d4303cd74f0b,42.98784372251264,1.9754289634022253
efdf2f38-253c-469a-9114-16c5327458ad,20.21020123160152,-1.9640596198353704
2a618509-3041-4ad7-b153-7918cbece1d6,30.625466665936425,2.3264374950957194
abe7fdd9-18db-461e-a6a8-13715f901e60,40.64240017318794,3.792223501953276
9f4c8484-648b-46e6-aa1a-9f45c64379a5,45.64183805612827,3.953735756202508
cd2fb3b5-88d0-4ee5-9e96-0671b75c67b3,46.790383971378205,2.3004966586084388
ffc056e3-c0e7-4341-b72b-48bd8c3cd37a,48.12840137686141,0.29018787711476285
b8015fdd-1ecc-4633-81ba-45130f990a57,35.72275753723826,0.6557355098684683
375b614b-1b40-4126-a669-6974de7f1dd6,56.59421497827056,1.3088588843541318
7ad1c9a9-dd8a-49bc-b10e-bdbff04c0809,32.92526573786269,2.865833936932254
955b3008-9c2f-448d-bc93-62a1e664ccf2,31.14190488622721,0.1695885948031542
